/*
Navicat MySQL Data Transfer

Source Server         : 192.168.70.38
Source Server Version : 50525
Source Host           : 192.168.70.38:3306
Source Database       : bbs

Target Server Type    : MYSQL
Target Server Version : 50525
File Encoding         : 65001

Date: 2017-09-01 17:09:33
*/

SET FOREIGN_KEY_CHECKS=0;

-- ----------------------------
-- Table structure for comment
-- ----------------------------
DROP TABLE IF EXISTS `comment`;
CREATE TABLE `comment` (
  `cid` int(11) NOT NULL AUTO_INCREMENT,
  `content` varchar(255) COLLATE utf8_general_mysql500_ci NOT NULL,
  `contentpic` varchar(255) COLLATE utf8_general_mysql500_ci DEFAULT NULL,
  `uid` int(255) DEFAULT NULL,
  `ctime` datetime DEFAULT NULL,
  `pid` int(11) DEFAULT NULL,
  `floor` int(11) DEFAULT NULL,
  PRIMARY KEY (`cid`),
  KEY `comment` (`pid`),
  KEY `uid` (`uid`),
  CONSTRAINT `comment` FOREIGN KEY (`pid`) REFERENCES `post` (`pid`) ON DELETE CASCADE,
  CONSTRAINT `comment_ibfk_1` FOREIGN KEY (`uid`) REFERENCES `user` (`uid`) ON DELETE CASCADE
) ENGINE=InnoDB AUTO_INCREMENT=17 DEFAULT CHARSET=utf8 COLLATE=utf8_general_mysql500_ci;

-- ----------------------------
-- Records of comment
-- ----------------------------
INSERT INTO `comment` VALUES ('1', '内容', '/lll', '999', '2017-08-08 16:56:38', '10', '1');
INSERT INTO `comment` VALUES ('2', '内容', '/lll', '999', '2017-08-08 16:56:38', '10', '2');
INSERT INTO `comment` VALUES ('3', '内容', '/lll', '999', '2017-08-08 16:56:38', '10', '3');
INSERT INTO `comment` VALUES ('4', '内容', '/lll', '999', '2017-08-08 16:56:38', '10', '4');
INSERT INTO `comment` VALUES ('5', '内容', '/lll', '999', '2017-08-08 16:56:38', '10', '5');
INSERT INTO `comment` VALUES ('6', '内容', '/lll', '999', '2017-08-08 16:56:38', '10', '6');
INSERT INTO `comment` VALUES ('7', '内容', '/lll', '999', '2017-08-08 16:56:38', '10', '7');
INSERT INTO `comment` VALUES ('8', '内容', '/lll', '999', '2017-08-08 16:56:38', '10', '8');
INSERT INTO `comment` VALUES ('9', '内容', '/lll', '999', '2017-08-08 16:56:38', '10', '9');
INSERT INTO `comment` VALUES ('11', '内容', '/lll', '999', '2017-08-08 16:56:38', '10', '11');
INSERT INTO `comment` VALUES ('12', '内容', '/lll', '999', '2017-08-08 16:56:38', '10', '12');
INSERT INTO `comment` VALUES ('13', '内容', '/lll', '999', '2017-08-08 16:56:38', '10', '13');
INSERT INTO `comment` VALUES ('14', '内容', '/lll', '999', '2017-08-08 16:56:38', '10', '14');
INSERT INTO `comment` VALUES ('15', '内容', '/lll', '999', '2017-08-08 16:56:38', '10', '15');
INSERT INTO `comment` VALUES ('16', '内容', '/lll', '999', '2017-08-08 16:56:38', '10', '16');

-- ----------------------------
-- Table structure for logintime
-- ----------------------------
DROP TABLE IF EXISTS `logintime`;
CREATE TABLE `logintime` (
  `logintime` datetime DEFAULT NULL,
  `uid` int(11) DEFAULT NULL,
  KEY `uid` (`uid`),
  CONSTRAINT `logintime_ibfk_1` FOREIGN KEY (`uid`) REFERENCES `user` (`uid`) ON DELETE CASCADE ON UPDATE CASCADE
) ENGINE=InnoDB DEFAULT CHARSET=utf8 COLLATE=utf8_general_mysql500_ci;

-- ----------------------------
-- Records of logintime
-- ----------------------------
INSERT INTO `logintime` VALUES ('2017-08-27 19:06:59', '10');
INSERT INTO `logintime` VALUES ('2017-08-28 09:50:57', '10');
INSERT INTO `logintime` VALUES ('2017-08-28 09:51:15', '10');
INSERT INTO `logintime` VALUES ('2017-08-28 09:51:18', '10');
INSERT INTO `logintime` VALUES ('2017-08-28 09:51:20', '10');
INSERT INTO `logintime` VALUES ('2017-08-28 09:51:23', '10');
INSERT INTO `logintime` VALUES ('2017-08-28 09:56:40', '10');
INSERT INTO `logintime` VALUES ('2017-08-28 09:59:07', '10');
INSERT INTO `logintime` VALUES ('2017-08-28 10:00:09', '10');
INSERT INTO `logintime` VALUES ('2017-08-28 10:00:14', '10');
INSERT INTO `logintime` VALUES ('2017-08-28 10:00:16', '10');
INSERT INTO `logintime` VALUES ('2017-08-28 10:29:06', '2');
INSERT INTO `logintime` VALUES ('2017-08-28 10:29:12', '2');
INSERT INTO `logintime` VALUES ('2017-08-28 10:29:14', '2');
INSERT INTO `logintime` VALUES ('2017-08-28 10:29:15', '2');
INSERT INTO `logintime` VALUES ('2017-08-28 10:29:31', '2');
INSERT INTO `logintime` VALUES ('2017-08-28 10:33:20', '2');
INSERT INTO `logintime` VALUES ('2017-08-28 10:33:25', '2');
INSERT INTO `logintime` VALUES ('2017-08-28 10:33:27', '2');
INSERT INTO `logintime` VALUES ('2017-08-28 10:33:29', '2');
INSERT INTO `logintime` VALUES ('2017-08-28 10:36:06', '2');
INSERT INTO `logintime` VALUES ('2017-08-28 10:36:37', '2');
INSERT INTO `logintime` VALUES ('2017-08-28 10:41:43', '2');
INSERT INTO `logintime` VALUES ('2017-08-28 10:42:45', '2');
INSERT INTO `logintime` VALUES ('2017-08-28 10:47:07', '2');
INSERT INTO `logintime` VALUES ('2017-08-28 13:45:13', '10');
INSERT INTO `logintime` VALUES ('2017-08-28 13:51:14', '6');
INSERT INTO `logintime` VALUES ('2017-08-28 13:51:21', '6');
INSERT INTO `logintime` VALUES ('2017-08-28 13:51:24', '6');
INSERT INTO `logintime` VALUES ('2017-08-28 13:51:26', '6');
INSERT INTO `logintime` VALUES ('2017-08-28 13:51:28', '6');
INSERT INTO `logintime` VALUES ('2017-08-28 16:46:36', '10');
INSERT INTO `logintime` VALUES ('2017-08-28 16:46:51', '10');
INSERT INTO `logintime` VALUES ('2017-08-28 17:12:52', '10');
INSERT INTO `logintime` VALUES ('2017-08-28 17:12:56', '10');
INSERT INTO `logintime` VALUES ('2017-08-28 17:15:21', '10');
INSERT INTO `logintime` VALUES ('2017-08-29 10:36:59', '2');
INSERT INTO `logintime` VALUES ('2017-08-29 10:39:00', '2');
INSERT INTO `logintime` VALUES ('2017-08-29 11:42:10', '2');
INSERT INTO `logintime` VALUES ('2017-08-29 11:42:14', '2');
INSERT INTO `logintime` VALUES ('2017-08-29 11:42:40', '2');
INSERT INTO `logintime` VALUES ('2017-08-29 11:42:54', '2');
INSERT INTO `logintime` VALUES ('2017-08-29 11:45:21', '2');
INSERT INTO `logintime` VALUES ('2017-08-29 13:33:39', '2');
INSERT INTO `logintime` VALUES ('2017-08-29 13:34:07', '2');
INSERT INTO `logintime` VALUES ('2017-08-29 13:38:03', '2');
INSERT INTO `logintime` VALUES ('2017-08-29 13:38:25', '2');
INSERT INTO `logintime` VALUES ('2017-08-29 13:43:43', '2');
INSERT INTO `logintime` VALUES ('2017-08-29 13:45:19', '2');
INSERT INTO `logintime` VALUES ('2017-08-29 13:51:50', '2');
INSERT INTO `logintime` VALUES ('2017-08-29 13:58:23', '2');
INSERT INTO `logintime` VALUES ('2017-08-29 13:59:11', '2');
INSERT INTO `logintime` VALUES ('2017-08-29 14:01:16', '2');
INSERT INTO `logintime` VALUES ('2017-08-29 14:03:25', '2');
INSERT INTO `logintime` VALUES ('2017-08-29 14:05:48', '2');
INSERT INTO `logintime` VALUES ('2017-08-29 14:06:00', '2');
INSERT INTO `logintime` VALUES ('2017-08-29 14:06:23', '2');
INSERT INTO `logintime` VALUES ('2017-08-29 14:06:28', '2');
INSERT INTO `logintime` VALUES ('2017-08-29 14:23:21', '2');
INSERT INTO `logintime` VALUES ('2017-08-29 14:26:26', '12');
INSERT INTO `logintime` VALUES ('2017-08-29 14:26:42', '12');
INSERT INTO `logintime` VALUES ('2017-08-29 14:27:48', '12');
INSERT INTO `logintime` VALUES ('2017-08-29 14:32:28', '12');
INSERT INTO `logintime` VALUES ('2017-08-29 14:41:22', '12');
INSERT INTO `logintime` VALUES ('2017-08-29 14:44:18', '2');
INSERT INTO `logintime` VALUES ('2017-08-29 14:46:41', '2');
INSERT INTO `logintime` VALUES ('2017-08-29 14:47:59', '2');
INSERT INTO `logintime` VALUES ('2017-08-29 14:53:07', '2');
INSERT INTO `logintime` VALUES ('2017-08-29 15:47:34', '2');
INSERT INTO `logintime` VALUES ('2017-08-30 10:25:04', '1006');
INSERT INTO `logintime` VALUES ('2017-08-30 16:57:11', '1007');
INSERT INTO `logintime` VALUES ('2017-08-30 17:06:59', '1009');
INSERT INTO `logintime` VALUES ('2017-09-01 14:32:04', '10');
INSERT INTO `logintime` VALUES ('2017-09-01 14:33:44', '2');
INSERT INTO `logintime` VALUES ('2017-09-01 14:34:59', '10');
INSERT INTO `logintime` VALUES ('2017-09-01 14:46:39', '10');
INSERT INTO `logintime` VALUES ('2017-09-01 14:50:58', '2');
INSERT INTO `logintime` VALUES ('2017-09-01 14:51:51', '10');
INSERT INTO `logintime` VALUES ('2017-09-01 14:55:21', '10');
INSERT INTO `logintime` VALUES ('2017-09-01 15:48:15', '10');
INSERT INTO `logintime` VALUES ('2017-09-01 15:50:38', '10');
INSERT INTO `logintime` VALUES ('2017-09-01 15:51:33', '10');
INSERT INTO `logintime` VALUES ('2017-09-01 16:00:06', '10');

-- ----------------------------
-- Table structure for post
-- ----------------------------
DROP TABLE IF EXISTS `post`;
CREATE TABLE `post` (
  `pid` int(11) NOT NULL AUTO_INCREMENT,
  `ptitle` varchar(255) COLLATE utf8_general_mysql500_ci NOT NULL,
  `article` longtext COLLATE utf8_general_mysql500_ci,
  `pic` varchar(255) COLLATE utf8_general_mysql500_ci DEFAULT NULL,
  `enclosure` varchar(255) COLLATE utf8_general_mysql500_ci DEFAULT NULL,
  `uid` int(11) NOT NULL,
  `ptime` datetime DEFAULT NULL,
  `pageview` int(11) unsigned zerofill DEFAULT NULL,
  `level` int(11) DEFAULT NULL,
  `type` varchar(20) COLLATE utf8_general_mysql500_ci DEFAULT NULL,
  `competitive` int(10) unsigned zerofill DEFAULT NULL,
  PRIMARY KEY (`pid`),
  KEY `uid` (`uid`),
  CONSTRAINT `post_ibfk_1` FOREIGN KEY (`uid`) REFERENCES `user` (`uid`) ON DELETE CASCADE
) ENGINE=InnoDB AUTO_INCREMENT=47 DEFAULT CHARSET=utf8 COLLATE=utf8_general_mysql500_ci;

-- ----------------------------
-- Records of post
-- ----------------------------
INSERT INTO `post` VALUES ('4', '主题顶顶顶', '卡剪卡剪卡的内部空间吧', null, null, '1000', '2017-08-17 08:52:11', '00000000003', '-1', '科技财经', '0000000000');
INSERT INTO `post` VALUES ('5', '手里的看法', '开始的法律', null, null, '999', '2017-08-18 20:50:31', '00000000029', '254', '科技财经', '0000000000');
INSERT INTO `post` VALUES ('7', '这是标题', '这是文章内容', '/img/aaa.jpg', '/enclosure/aaa.txt', '999', '2017-08-28 18:16:08', '00000000002', '255', '天天军事', '0000000000');
INSERT INTO `post` VALUES ('8', '这是标题1', '这是文章内容', '/img/aaa.jpg', '/enclosure/aaa.txt', '1000', '2017-08-28 18:16:58', '00000000002', '0', '天天军事', '0000000000');
INSERT INTO `post` VALUES ('10', '评论测试贴', '这是文章内容', '/img/aaa.jpg', '/enclosure/aaa.txt', '999', '2017-08-28 18:17:02', '00000000076', '254', '天天军事', '0000000000');
INSERT INTO `post` VALUES ('11', '这是标题2', '这是文章内容', '/img/aaa.jpg', '/enclosure/aaa.txt', '999', '2017-08-28 18:17:03', '00000000044', '0', '天天军事', '0000000000');
INSERT INTO `post` VALUES ('30', '这是标题2', '这是文章内容', '/img/aaa.jpg', '/enclosure/aaa.txt', '999', '2017-08-28 18:17:03', '00000000005', '0', '天天军事', '0000000000');
INSERT INTO `post` VALUES ('31', '这是标题2', '这是文章内容', '/img/aaa.jpg', '/enclosure/aaa.txt', '999', '2017-08-24 18:17:03', '00000000004', '0', '天天军事', '0000000000');
INSERT INTO `post` VALUES ('32', '这是标题2', '这是文章内容', '/img/aaa.jpg', '/enclosure/aaa.txt', '999', '2017-08-28 18:17:03', '00000000022', '0', '天天军事', '0000000000');
INSERT INTO `post` VALUES ('33', '这是标题2', '这是文章内容', '/img/aaa.jpg', '/enclosure/aaa.txt', '999', '2017-08-28 18:17:03', '00000000022', '0', '游戏快讯', '0000000000');
INSERT INTO `post` VALUES ('34', '这是标题2', '这是文章内容', '/img/aaa.jpg', '/enclosure/aaa.txt', '999', '2017-09-21 18:17:03', '00000000022', '0', '游戏快讯', '0000000000');
INSERT INTO `post` VALUES ('35', '这是标题2', '这是文章内容', '/img/aaa.jpg', '/enclosure/aaa.txt', '999', '2017-08-28 18:17:03', '00000000066', '0', '游戏快讯', '0000000000');
INSERT INTO `post` VALUES ('36', '这是标题2', '这是文章内容', '/img/aaa.jpg', '/enclosure/aaa.txt', '999', '2017-08-31 18:17:03', '00000000067', '0', '游戏快讯', '0000000000');
INSERT INTO `post` VALUES ('37', '这是标题2', '这是文章内容', '/img/aaa.jpg', '/enclosure/aaa.txt', '999', '2017-08-28 18:17:03', '00000000002', '0', '天天军事', '0000000000');
INSERT INTO `post` VALUES ('38', '这是标题2', '这是文章内容', '/img/aaa.jpg', '/enclosure/aaa.txt', '999', '2017-08-16 18:17:03', '00000000001', '0', '天天军事', '0000000000');
INSERT INTO `post` VALUES ('39', '这是标题', '这是文章内容', '/img/aaa.jpg', '/enclosure/aaa.txt', '999', '2017-09-01 16:39:49', '00000000000', '0', '天天军事', null);
INSERT INTO `post` VALUES ('40', '这是标题', '这是文章内容', '/img/aaa.jpg', '/enclosure/aaa.txt', '999', '2017-09-01 16:41:10', '00000000000', '0', '天天军事', null);
INSERT INTO `post` VALUES ('41', '这是标题', '这是文章内容', '/img/aaa.jpg', '/enclosure/aaa.txt', '999', '2017-09-01 16:41:14', '00000000000', '0', '天天军事', null);
INSERT INTO `post` VALUES ('42', '这是标题', '这是文章内容', '/img/aaa.jpg', '/enclosure/aaa.txt', '999', '2017-09-01 16:41:15', '00000000000', '0', '天天军事', null);
INSERT INTO `post` VALUES ('43', '这是标题', '这是文章内容', '/img/aaa.jpg', '/enclosure/aaa.txt', '999', '2017-09-01 16:41:16', '00000000000', '0', '七彩生活', null);
INSERT INTO `post` VALUES ('44', '这是标题', '这是文章内容', '/img/aaa.jpg', '/enclosure/aaa.txt', '999', '2017-09-01 16:41:18', '00000000000', '0', '七彩生活', null);
INSERT INTO `post` VALUES ('45', '这是标题', '这是文章内容', '/img/aaa.jpg', '/enclosure/aaa.txt', '999', '2017-09-01 16:41:19', '00000000000', '0', '七彩生活', null);
INSERT INTO `post` VALUES ('46', '这是标题', '这是文章内容', '/img/aaa.jpg', '/enclosure/aaa.txt', '999', '2017-09-01 16:41:21', '00000000000', '0', '七彩生活', null);

-- ----------------------------
-- Table structure for recommend
-- ----------------------------
DROP TABLE IF EXISTS `recommend`;
CREATE TABLE `recommend` (
  `rid` int(11) NOT NULL,
  `rcontent` varchar(255) COLLATE utf8_general_mysql500_ci NOT NULL,
  `uid` int(255) DEFAULT NULL,
  `ctime` datetime DEFAULT NULL,
  `cid` int(11) DEFAULT NULL,
  PRIMARY KEY (`rid`),
  KEY `recommend` (`cid`),
  KEY `uid` (`uid`),
  CONSTRAINT `recommend` FOREIGN KEY (`cid`) REFERENCES `comment` (`cid`) ON DELETE CASCADE,
  CONSTRAINT `recommend_ibfk_1` FOREIGN KEY (`uid`) REFERENCES `user` (`uid`) ON DELETE CASCADE
) ENGINE=InnoDB DEFAULT CHARSET=utf8 COLLATE=utf8_general_mysql500_ci;

-- ----------------------------
-- Records of recommend
-- ----------------------------

-- ----------------------------
-- Table structure for user
-- ----------------------------
DROP TABLE IF EXISTS `user`;
CREATE TABLE `user` (
  `uid` int(11) NOT NULL AUTO_INCREMENT,
  `username` varchar(255) COLLATE utf8_general_mysql500_ci NOT NULL,
  `password` varchar(255) COLLATE utf8_general_mysql500_ci NOT NULL,
  `status` int(11) NOT NULL DEFAULT '1',
  `exp` int(11) NOT NULL DEFAULT '0',
  `level` varchar(255) COLLATE utf8_general_mysql500_ci NOT NULL DEFAULT '普通会员',
  `userpic` varchar(255) COLLATE utf8_general_mysql500_ci DEFAULT 'userpic.jpg',
  `pixname` varchar(255) COLLATE utf8_general_mysql500_ci DEFAULT NULL,
  `sex` varchar(255) COLLATE utf8_general_mysql500_ci DEFAULT '不详',
  `age` int(11) DEFAULT NULL,
  `tel` varchar(255) COLLATE utf8_general_mysql500_ci DEFAULT NULL,
  `email` varchar(255) COLLATE utf8_general_mysql500_ci DEFAULT NULL,
  `safequestion` varchar(255) COLLATE utf8_general_mysql500_ci DEFAULT NULL,
  `safeanswer` varchar(255) COLLATE utf8_general_mysql500_ci DEFAULT NULL,
  PRIMARY KEY (`uid`),
  UNIQUE KEY `username` (`username`),
  UNIQUE KEY `username_2` (`username`),
  UNIQUE KEY `username_3` (`username`),
  UNIQUE KEY `username_4` (`username`),
  UNIQUE KEY `tel` (`tel`),
  UNIQUE KEY `email` (`email`)
) ENGINE=InnoDB AUTO_INCREMENT=1916 DEFAULT CHARSET=utf8 COLLATE=utf8_general_mysql500_ci;

-- ----------------------------
-- Records of user
-- ----------------------------
INSERT INTO `user` VALUES ('2', 'admin', '123', '1', '40', '普通会员', 'userpic.jpg', null, null, '0', null, null, null, null);
INSERT INTO `user` VALUES ('3', '韬', '123', '1', '0', '普通会员', 'userpic.jpg', null, null, null, null, null, null, null);
INSERT INTO `user` VALUES ('5', 'asd', '111', '-1', '0', '普通会员', 'userpic.jpg', null, null, '0', null, null, null, null);
INSERT INTO `user` VALUES ('6', 'zzz', '123', '1', '20', '普通会员', 'userpic.jpg', null, null, '0', null, null, null, null);
INSERT INTO `user` VALUES ('10', '李亚龙', '123', '2', '460', '高级会员', 'NARUTO.jpg', 'ML', '男', '20', '13191772385', '82312@qq.com', '你的生日是', '0812');
INSERT INTO `user` VALUES ('11', '李四', '123', '1', '0', '普通会员', 'userpic.jpg', null, null, null, null, null, null, null);
INSERT INTO `user` VALUES ('12', '韬哥', '123', '1', '10', '普通会员', 'userpic.jpg', 'Joker-iujuywyq', '不详', '0', null, null, '敏感词是什么', '宋孟韬');
INSERT INTO `user` VALUES ('999', '李冠龙', 'test1', '-1', '500', '普通会员', 'userpic.jpg', '某人大哥', '男', '25', '13191772386', '82313@qq.com', '你弟弟是谁', 'admin');
INSERT INTO `user` VALUES ('1000', 'test2', 'test2', '1', '0', '高级会员', 'userpic.jpg', '某人二哥', null, null, null, null, null, null);
INSERT INTO `user` VALUES ('1002', 'liyalong', '123', '1', '0', '普通会员', 'userpic.jpg', 'Joker-pkebpvha', '不详', null, null, null, null, null);
INSERT INTO `user` VALUES ('1004', 'sss', 'sss', '1', '0', '普通会员', 'userpic.jpg', 'Joker-owgektrg', '不详', null, null, null, null, null);
INSERT INTO `user` VALUES ('1005', 'ml', 'ml', '1', '0', '普通会员', 'userpic.jpg', 'Joker-aavekvuf', '不详', null, null, null, null, null);
INSERT INTO `user` VALUES ('1006', '李亚', '123', '1', '10', '普通会员', 'userpic.jpg', 'Joker-iqrulxzy', '不详', '0', null, null, null, null);
INSERT INTO `user` VALUES ('1007', 'BlackButterfly', '123', '1', '10', '普通会员', 'userpic.jpg', 'Joker-oppvxbyc', '不详', '0', null, null, '谁最骚', '你韬哥');
INSERT INTO `user` VALUES ('1008', '聪', '000', '1', '0', '普通会员', 'userpic.jpg', 'Joker-bcqiwqpk', '不详', null, null, null, null, null);
INSERT INTO `user` VALUES ('1009', '张三', '000', '1', '10', '普通会员', 'userpic.jpg', 'Joker-ckedrihk', '不详', '0', null, null, null, null);
INSERT INTO `user` VALUES ('1010', '王植', 'wangzhi', '1', '0', '普通会员', 'userpic.jpg', 'Joker-ssmlburu', '不详', null, null, null, null, null);
INSERT INTO `user` VALUES ('1011', '梁宇奇', 'liangyuqi', '1', '0', '普通会员', 'userpic.jpg', 'Joker-ktvntuad', '不详', null, null, null, null, null);
INSERT INTO `user` VALUES ('1012', '王康杰', 'wangkangjie', '1', '0', '普通会员', 'userpic.jpg', 'Joker-hdcciuwb', '不详', null, null, null, null, null);
INSERT INTO `user` VALUES ('1013', '乔泳钦', 'qiaoyongqin', '1', '0', '普通会员', 'userpic.jpg', 'Joker-iqnwjhpl', '不详', null, null, null, null, null);
INSERT INTO `user` VALUES ('1014', '张炯', 'zhangjiong', '1', '0', '普通会员', 'userpic.jpg', 'Joker-quscxqio', '不详', null, null, null, null, null);
INSERT INTO `user` VALUES ('1015', '王正', 'wangzheng', '1', '0', '普通会员', 'userpic.jpg', 'Joker-akxfgeee', '不详', null, null, null, null, null);
INSERT INTO `user` VALUES ('1016', 'Joker-xqnhzxbe', 'xqnhzxbe', '1', '0', '普通会员', 'userpic.jpg', 'Joker-mhowbqtr', '不详', null, null, null, null, null);
INSERT INTO `user` VALUES ('1017', 'Joker-memdyesk', 'memdyesk', '1', '0', '普通会员', 'userpic.jpg', 'Joker-dkamnyqt', '不详', null, null, null, null, null);
INSERT INTO `user` VALUES ('1018', 'Joker-gfodumcl', 'gfodumcl', '1', '0', '普通会员', 'userpic.jpg', 'Joker-epvxulbs', '不详', null, null, null, null, null);
INSERT INTO `user` VALUES ('1019', 'Joker-kairrsgh', 'kairrsgh', '1', '0', '普通会员', 'userpic.jpg', 'Joker-kykdsnnr', '不详', null, null, null, null, null);
INSERT INTO `user` VALUES ('1020', 'Joker-kwoafuoe', 'kwoafuoe', '1', '0', '普通会员', 'userpic.jpg', 'Joker-dqhkacvg', '不详', null, null, null, null, null);
INSERT INTO `user` VALUES ('1021', 'Joker-nvllkgon', 'nvllkgon', '1', '0', '普通会员', 'userpic.jpg', 'Joker-yyytmoai', '不详', null, null, null, null, null);
INSERT INTO `user` VALUES ('1022', 'Joker-bfhtgwpo', 'bfhtgwpo', '1', '0', '普通会员', 'userpic.jpg', 'Joker-uzeebdir', '不详', null, null, null, null, null);
INSERT INTO `user` VALUES ('1023', 'Joker-smuaqaix', 'smuaqaix', '1', '0', '普通会员', 'userpic.jpg', 'Joker-texqffip', '不详', null, null, null, null, null);
INSERT INTO `user` VALUES ('1024', 'Joker-tozlcujs', 'tozlcujs', '1', '0', '普通会员', 'userpic.jpg', 'Joker-wcmaintu', '不详', null, null, null, null, null);
INSERT INTO `user` VALUES ('1025', 'Joker-vodpwkvd', 'vodpwkvd', '1', '0', '普通会员', 'userpic.jpg', 'Joker-qbyoicpj', '不详', null, null, null, null, null);
INSERT INTO `user` VALUES ('1026', 'Joker-jsojiwwh', 'jsojiwwh', '1', '0', '普通会员', 'userpic.jpg', 'Joker-qqnovmfy', '不详', null, null, null, null, null);
INSERT INTO `user` VALUES ('1027', 'Joker-oonucglx', 'oonucglx', '1', '0', '普通会员', 'userpic.jpg', 'Joker-keiqhkrl', '不详', null, null, null, null, null);
INSERT INTO `user` VALUES ('1028', 'Joker-tfqsswlb', 'tfqsswlb', '1', '0', '普通会员', 'userpic.jpg', 'Joker-iwdtjlll', '不详', null, null, null, null, null);
INSERT INTO `user` VALUES ('1029', 'Joker-jjzfpufc', 'jjzfpufc', '1', '0', '普通会员', 'userpic.jpg', 'Joker-fyignnzf', '不详', null, null, null, null, null);
INSERT INTO `user` VALUES ('1030', 'Joker-qlwchwgk', 'qlwchwgk', '1', '0', '普通会员', 'userpic.jpg', 'Joker-rnlvpaso', '不详', null, null, null, null, null);
INSERT INTO `user` VALUES ('1031', 'Joker-kymxgzyj', 'kymxgzyj', '1', '0', '普通会员', 'userpic.jpg', 'Joker-yxvvcoqi', '不详', null, null, null, null, null);
INSERT INTO `user` VALUES ('1032', 'Joker-kamhsxlx', 'kamhsxlx', '1', '0', '普通会员', 'userpic.jpg', 'Joker-vltmkmpr', '不详', null, null, null, null, null);
INSERT INTO `user` VALUES ('1033', 'Joker-olpwcggi', 'olpwcggi', '1', '0', '普通会员', 'userpic.jpg', 'Joker-xmoctkft', '不详', null, null, null, null, null);
INSERT INTO `user` VALUES ('1034', 'Joker-hfptoigs', 'hfptoigs', '1', '0', '普通会员', 'userpic.jpg', 'Joker-bydbcafu', '不详', null, null, null, null, null);
INSERT INTO `user` VALUES ('1035', 'Joker-swvhhubd', 'swvhhubd', '1', '0', '普通会员', 'userpic.jpg', 'Joker-rrjgvklk', '不详', null, null, null, null, null);
INSERT INTO `user` VALUES ('1036', 'Joker-snyplujr', 'snyplujr', '1', '0', '普通会员', 'userpic.jpg', 'Joker-sevzkqji', '不详', null, null, null, null, null);
INSERT INTO `user` VALUES ('1037', 'Joker-rtaisjip', 'rtaisjip', '1', '0', '普通会员', 'userpic.jpg', 'Joker-qcwxigld', '不详', null, null, null, null, null);
INSERT INTO `user` VALUES ('1038', 'Joker-rwqnonow', 'rwqnonow', '1', '0', '普通会员', 'userpic.jpg', 'Joker-eoxhcshq', '不详', null, null, null, null, null);
INSERT INTO `user` VALUES ('1039', 'Joker-ihoalvvh', 'ihoalvvh', '1', '0', '普通会员', 'userpic.jpg', 'Joker-kmpnrzda', '不详', null, null, null, null, null);
INSERT INTO `user` VALUES ('1040', 'Joker-pyoyacir', 'pyoyacir', '1', '0', '普通会员', 'userpic.jpg', 'Joker-rjucueer', '不详', null, null, null, null, null);
INSERT INTO `user` VALUES ('1041', 'Joker-jnysinns', 'jnysinns', '1', '0', '普通会员', 'userpic.jpg', 'Joker-ufisfnyj', '不详', null, null, null, null, null);
INSERT INTO `user` VALUES ('1042', 'Joker-kjigbbrk', 'kjigbbrk', '1', '0', '普通会员', 'userpic.jpg', 'Joker-fivjfpbg', '不详', null, null, null, null, null);
INSERT INTO `user` VALUES ('1043', 'Joker-thtbamyk', 'thtbamyk', '1', '0', '普通会员', 'userpic.jpg', 'Joker-pphyxuij', '不详', null, null, null, null, null);
INSERT INTO `user` VALUES ('1044', 'Joker-lpmwljuo', 'lpmwljuo', '1', '0', '普通会员', 'userpic.jpg', 'Joker-neurqhwa', '不详', null, null, null, null, null);
INSERT INTO `user` VALUES ('1045', 'Joker-xhokfyug', 'xhokfyug', '1', '0', '普通会员', 'userpic.jpg', 'Joker-gaexztis', '不详', null, null, null, null, null);
INSERT INTO `user` VALUES ('1046', 'Joker-uvfcfnem', 'uvfcfnem', '1', '0', '普通会员', 'userpic.jpg', 'Joker-tddqivvo', '不详', null, null, null, null, null);
INSERT INTO `user` VALUES ('1047', 'Joker-uagakisg', 'uagakisg', '1', '0', '普通会员', 'userpic.jpg', 'Joker-tgysyllj', '不详', null, null, null, null, null);
INSERT INTO `user` VALUES ('1048', 'Joker-vqtaonli', 'vqtaonli', '1', '0', '普通会员', 'userpic.jpg', 'Joker-ilsalktk', '不详', null, null, null, null, null);
INSERT INTO `user` VALUES ('1049', 'Joker-rxbyysug', 'rxbyysug', '1', '0', '普通会员', 'userpic.jpg', 'Joker-fqpcarms', '不详', null, null, null, null, null);
INSERT INTO `user` VALUES ('1050', 'Joker-kewfmbxt', 'kewfmbxt', '1', '0', '普通会员', 'userpic.jpg', 'Joker-jcjlmvux', '不详', null, null, null, null, null);
INSERT INTO `user` VALUES ('1051', 'Joker-wtwgyzzb', 'wtwgyzzb', '1', '0', '普通会员', 'userpic.jpg', 'Joker-hdskvzua', '不详', null, null, null, null, null);
INSERT INTO `user` VALUES ('1052', 'Joker-gyoqnqna', 'gyoqnqna', '1', '0', '普通会员', 'userpic.jpg', 'Joker-zyuxqupu', '不详', null, null, null, null, null);
INSERT INTO `user` VALUES ('1053', 'Joker-ojbcndck', 'ojbcndck', '1', '0', '普通会员', 'userpic.jpg', 'Joker-zdrjtvbn', '不详', null, null, null, null, null);
INSERT INTO `user` VALUES ('1054', 'Joker-hfdyelpy', 'hfdyelpy', '1', '0', '普通会员', 'userpic.jpg', 'Joker-rmrzhamc', '不详', null, null, null, null, null);
INSERT INTO `user` VALUES ('1055', 'Joker-dtirwtnc', 'dtirwtnc', '1', '0', '普通会员', 'userpic.jpg', 'Joker-pclzzygr', '不详', null, null, null, null, null);
INSERT INTO `user` VALUES ('1056', 'Joker-fulupkge', 'fulupkge', '1', '0', '普通会员', 'userpic.jpg', 'Joker-ahepbkjt', '不详', null, null, null, null, null);
INSERT INTO `user` VALUES ('1057', 'Joker-iytbddoj', 'iytbddoj', '1', '0', '普通会员', 'userpic.jpg', 'Joker-unogmmtd', '不详', null, null, null, null, null);
INSERT INTO `user` VALUES ('1058', 'Joker-jeqyryzq', 'jeqyryzq', '1', '0', '普通会员', 'userpic.jpg', 'Joker-cenvwyrp', '不详', null, null, null, null, null);
INSERT INTO `user` VALUES ('1059', 'Joker-abawkglp', 'abawkglp', '1', '0', '普通会员', 'userpic.jpg', 'Joker-gcljbaqp', '不详', null, null, null, null, null);
INSERT INTO `user` VALUES ('1060', 'Joker-nfdnhifc', 'nfdnhifc', '1', '0', '普通会员', 'userpic.jpg', 'Joker-tglwetgo', '不详', null, null, null, null, null);
INSERT INTO `user` VALUES ('1061', 'Joker-bpcrfqfj', 'bpcrfqfj', '1', '0', '普通会员', 'userpic.jpg', 'Joker-lhjhhiyv', '不详', null, null, null, null, null);
INSERT INTO `user` VALUES ('1062', 'Joker-lcbnvuaq', 'lcbnvuaq', '1', '0', '普通会员', 'userpic.jpg', 'Joker-rvrhwcye', '不详', null, null, null, null, null);
INSERT INTO `user` VALUES ('1063', 'Joker-rbqlyygi', 'rbqlyygi', '1', '0', '普通会员', 'userpic.jpg', 'Joker-jhvxcixt', '不详', null, null, null, null, null);
INSERT INTO `user` VALUES ('1064', 'Joker-hkejlcdu', 'hkejlcdu', '1', '0', '普通会员', 'userpic.jpg', 'Joker-tvznrxea', '不详', null, null, null, null, null);
INSERT INTO `user` VALUES ('1065', 'Joker-iwsywdad', 'iwsywdad', '1', '0', '普通会员', 'userpic.jpg', 'Joker-bffkxzhf', '不详', null, null, null, null, null);
INSERT INTO `user` VALUES ('1066', 'Joker-tmozxlfi', 'tmozxlfi', '1', '0', '普通会员', 'userpic.jpg', 'Joker-dkndprsg', '不详', null, null, null, null, null);
INSERT INTO `user` VALUES ('1067', 'Joker-zfbakiyd', 'zfbakiyd', '1', '0', '普通会员', 'userpic.jpg', 'Joker-tvdpbypo', '不详', null, null, null, null, null);
INSERT INTO `user` VALUES ('1068', 'Joker-elznigrn', 'elznigrn', '1', '0', '普通会员', 'userpic.jpg', 'Joker-plrerifr', '不详', null, null, null, null, null);
INSERT INTO `user` VALUES ('1069', 'Joker-ypxhvwfv', 'ypxhvwfv', '1', '0', '普通会员', 'userpic.jpg', 'Joker-yyoejujk', '不详', null, null, null, null, null);
INSERT INTO `user` VALUES ('1070', 'Joker-fusvdtuz', 'fusvdtuz', '1', '0', '普通会员', 'userpic.jpg', 'Joker-faockfaf', '不详', null, null, null, null, null);
INSERT INTO `user` VALUES ('1071', 'Joker-zffvynwx', 'zffvynwx', '1', '0', '普通会员', 'userpic.jpg', 'Joker-lawmeswu', '不详', null, null, null, null, null);
INSERT INTO `user` VALUES ('1072', 'Joker-ztrbfjwp', 'ztrbfjwp', '1', '0', '普通会员', 'userpic.jpg', 'Joker-dlkozfpc', '不详', null, null, null, null, null);
INSERT INTO `user` VALUES ('1073', 'Joker-zwlyyoky', 'zwlyyoky', '1', '0', '普通会员', 'userpic.jpg', 'Joker-fpdcmadh', '不详', null, null, null, null, null);
INSERT INTO `user` VALUES ('1074', 'Joker-eucuzpei', 'eucuzpei', '1', '0', '普通会员', 'userpic.jpg', 'Joker-ubtiyvnx', '不详', null, null, null, null, null);
INSERT INTO `user` VALUES ('1075', 'Joker-aukphvom', 'aukphvom', '1', '0', '普通会员', 'userpic.jpg', 'Joker-darffpks', '不详', null, null, null, null, null);
INSERT INTO `user` VALUES ('1076', 'Joker-nlureqwe', 'nlureqwe', '1', '0', '普通会员', 'userpic.jpg', 'Joker-bcesigar', '不详', null, null, null, null, null);
INSERT INTO `user` VALUES ('1077', 'Joker-ptnutmab', 'ptnutmab', '1', '0', '普通会员', 'userpic.jpg', 'Joker-ucyuxzad', '不详', null, null, null, null, null);
INSERT INTO `user` VALUES ('1078', 'Joker-ksusidij', 'ksusidij', '1', '0', '普通会员', 'userpic.jpg', 'Joker-wntrdflm', '不详', null, null, null, null, null);
INSERT INTO `user` VALUES ('1079', 'Joker-xjgpmzvj', 'xjgpmzvj', '1', '0', '普通会员', 'userpic.jpg', 'Joker-acybyejj', '不详', null, null, null, null, null);
INSERT INTO `user` VALUES ('1080', 'Joker-vjmmfyql', 'vjmmfyql', '1', '0', '普通会员', 'userpic.jpg', 'Joker-enjahwot', '不详', null, null, null, null, null);
INSERT INTO `user` VALUES ('1081', 'Joker-yzaqwxha', 'yzaqwxha', '1', '0', '普通会员', 'userpic.jpg', 'Joker-ravkatqi', '不详', null, null, null, null, null);
INSERT INTO `user` VALUES ('1082', 'Joker-qzecqxqq', 'qzecqxqq', '1', '0', '普通会员', 'userpic.jpg', 'Joker-wdwqwjke', '不详', null, null, null, null, null);
INSERT INTO `user` VALUES ('1083', 'Joker-ivkfenph', 'ivkfenph', '1', '0', '普通会员', 'userpic.jpg', 'Joker-rvplrccq', '不详', null, null, null, null, null);
INSERT INTO `user` VALUES ('1084', 'Joker-yhtltkje', 'yhtltkje', '1', '0', '普通会员', 'userpic.jpg', 'Joker-blzmcukt', '不详', null, null, null, null, null);
INSERT INTO `user` VALUES ('1085', 'Joker-bqcfqqdk', 'bqcfqqdk', '1', '0', '普通会员', 'userpic.jpg', 'Joker-uxkmyhpe', '不详', null, null, null, null, null);
INSERT INTO `user` VALUES ('1086', 'Joker-gmrfkxkb', 'gmrfkxkb', '1', '0', '普通会员', 'userpic.jpg', 'Joker-qhypabin', '不详', null, null, null, null, null);
INSERT INTO `user` VALUES ('1087', 'Joker-dmkpudpb', 'dmkpudpb', '1', '0', '普通会员', 'userpic.jpg', 'Joker-slwqkkvt', '不详', null, null, null, null, null);
INSERT INTO `user` VALUES ('1088', 'Joker-xqnhpill', 'xqnhpill', '1', '0', '普通会员', 'userpic.jpg', 'Joker-xiteflpy', '不详', null, null, null, null, null);
INSERT INTO `user` VALUES ('1089', 'Joker-bmstkqad', 'bmstkqad', '1', '0', '普通会员', 'userpic.jpg', 'Joker-vuyusdws', '不详', null, null, null, null, null);
INSERT INTO `user` VALUES ('1090', 'Joker-lciohnyr', 'lciohnyr', '1', '0', '普通会员', 'userpic.jpg', 'Joker-wjvmxmej', '不详', null, null, null, null, null);
INSERT INTO `user` VALUES ('1091', 'Joker-phzrkhep', 'phzrkhep', '1', '0', '普通会员', 'userpic.jpg', 'Joker-gwokgvud', '不详', null, null, null, null, null);
INSERT INTO `user` VALUES ('1092', 'Joker-uberyyyx', 'uberyyyx', '1', '0', '普通会员', 'userpic.jpg', 'Joker-ggnlozxy', '不详', null, null, null, null, null);
INSERT INTO `user` VALUES ('1093', 'Joker-wddwjbpn', 'wddwjbpn', '1', '0', '普通会员', 'userpic.jpg', 'Joker-xvnbdvyn', '不详', null, null, null, null, null);
INSERT INTO `user` VALUES ('1094', 'Joker-fegscdwx', 'fegscdwx', '1', '0', '普通会员', 'userpic.jpg', 'Joker-auzonmkk', '不详', null, null, null, null, null);
INSERT INTO `user` VALUES ('1095', 'Joker-tqgscjpw', 'tqgscjpw', '1', '0', '普通会员', 'userpic.jpg', 'Joker-gmewumgm', '不详', null, null, null, null, null);
INSERT INTO `user` VALUES ('1096', 'Joker-anqzqupk', 'anqzqupk', '1', '0', '普通会员', 'userpic.jpg', 'Joker-edgircaj', '不详', null, null, null, null, null);
INSERT INTO `user` VALUES ('1097', 'Joker-polcsqdo', 'polcsqdo', '1', '0', '普通会员', 'userpic.jpg', 'Joker-huifnwph', '不详', null, null, null, null, null);
INSERT INTO `user` VALUES ('1098', 'Joker-woyfhqmx', 'woyfhqmx', '1', '0', '普通会员', 'userpic.jpg', 'Joker-zqbxeoqy', '不详', null, null, null, null, null);
INSERT INTO `user` VALUES ('1099', 'Joker-bozunpmd', 'bozunpmd', '1', '0', '普通会员', 'userpic.jpg', 'Joker-ymkokkye', '不详', null, null, null, null, null);
INSERT INTO `user` VALUES ('1100', 'Joker-gnhbrmxj', 'gnhbrmxj', '1', '0', '普通会员', 'userpic.jpg', 'Joker-vynoacxb', '不详', null, null, null, null, null);
INSERT INTO `user` VALUES ('1101', 'Joker-lagphgmd', 'lagphgmd', '1', '0', '普通会员', 'userpic.jpg', 'Joker-yjyeeptk', '不详', null, null, null, null, null);
INSERT INTO `user` VALUES ('1102', 'Joker-uchcxgii', 'uchcxgii', '1', '0', '普通会员', 'userpic.jpg', 'Joker-kvqxpnsp', '不详', null, null, null, null, null);
INSERT INTO `user` VALUES ('1103', 'Joker-dgacvyxj', 'dgacvyxj', '1', '0', '普通会员', 'userpic.jpg', 'Joker-ilnewzoi', '不详', null, null, null, null, null);
INSERT INTO `user` VALUES ('1104', 'Joker-dndrwlzk', 'dndrwlzk', '1', '0', '普通会员', 'userpic.jpg', 'Joker-buuxqswo', '不详', null, null, null, null, null);
INSERT INTO `user` VALUES ('1105', 'Joker-mjncxrxv', 'mjncxrxv', '1', '0', '普通会员', 'userpic.jpg', 'Joker-qazhvkgh', '不详', null, null, null, null, null);
INSERT INTO `user` VALUES ('1106', 'Joker-txuguvsi', 'txuguvsi', '1', '0', '普通会员', 'userpic.jpg', 'Joker-jllucgye', '不详', null, null, null, null, null);
INSERT INTO `user` VALUES ('1107', 'Joker-rdqcptbp', 'rdqcptbp', '1', '0', '普通会员', 'userpic.jpg', 'Joker-ypcdksdq', '不详', null, null, null, null, null);
INSERT INTO `user` VALUES ('1108', 'Joker-hrrukzqy', 'hrrukzqy', '1', '0', '普通会员', 'userpic.jpg', 'Joker-mdxvnaic', '不详', null, null, null, null, null);
INSERT INTO `user` VALUES ('1109', 'Joker-isgngbsz', 'isgngbsz', '1', '0', '普通会员', 'userpic.jpg', 'Joker-opygetsk', '不详', null, null, null, null, null);
INSERT INTO `user` VALUES ('1110', 'Joker-vsxkyaef', 'vsxkyaef', '1', '0', '普通会员', 'userpic.jpg', 'Joker-czrwbrbo', '不详', null, null, null, null, null);
INSERT INTO `user` VALUES ('1111', 'Joker-agqtourj', 'agqtourj', '-1', '0', '普通会员', 'userpic.jpg', 'Joker-dabutrvo', '不详', '0', null, null, null, null);
INSERT INTO `user` VALUES ('1112', 'Joker-wpxfoyws', 'wpxfoyws', '1', '0', '普通会员', 'userpic.jpg', 'Joker-vprojyhc', '不详', null, null, null, null, null);
INSERT INTO `user` VALUES ('1113', 'Joker-hpwtqwkh', 'hpwtqwkh', '1', '0', '普通会员', 'userpic.jpg', 'Joker-mvmpumfe', '不详', null, null, null, null, null);
INSERT INTO `user` VALUES ('1114', 'Joker-piruhkgp', 'piruhkgp', '1', '0', '普通会员', 'userpic.jpg', 'Joker-wlxzjqqd', '不详', null, null, null, null, null);
INSERT INTO `user` VALUES ('1115', 'Joker-ahxwjwfo', 'ahxwjwfo', '1', '0', '普通会员', 'userpic.jpg', 'Joker-fmbrqmas', '不详', null, null, null, null, null);
INSERT INTO `user` VALUES ('1116', 'Joker-zazemvwz', 'zazemvwz', '1', '0', '普通会员', 'userpic.jpg', 'Joker-txiydieq', '不详', null, null, null, null, null);
INSERT INTO `user` VALUES ('1117', 'Joker-oegpndxi', 'oegpndxi', '1', '0', '普通会员', 'userpic.jpg', 'Joker-wsgqrqcd', '不详', null, null, null, null, null);
INSERT INTO `user` VALUES ('1118', 'Joker-aqjzwaxg', 'aqjzwaxg', '1', '0', '普通会员', 'userpic.jpg', 'Joker-elirmtpb', '不详', null, null, null, null, null);
INSERT INTO `user` VALUES ('1119', 'Joker-endqbzpi', 'endqbzpi', '1', '0', '普通会员', 'userpic.jpg', 'Joker-aghwzppt', '不详', null, null, null, null, null);
INSERT INTO `user` VALUES ('1120', 'Joker-xsqistbh', 'xsqistbh', '1', '0', '普通会员', 'userpic.jpg', 'Joker-hyltnvgg', '不详', null, null, null, null, null);
INSERT INTO `user` VALUES ('1121', 'Joker-fymfkdpw', 'fymfkdpw', '1', '0', '普通会员', 'userpic.jpg', 'Joker-cchjgaek', '不详', null, null, null, null, null);
INSERT INTO `user` VALUES ('1122', 'Joker-ilhfkano', 'ilhfkano', '1', '0', '普通会员', 'userpic.jpg', 'Joker-tarrbcbh', '不详', null, null, null, null, null);
INSERT INTO `user` VALUES ('1123', 'Joker-wkmyduxe', 'wkmyduxe', '1', '0', '普通会员', 'userpic.jpg', 'Joker-kfjuzcpm', '不详', null, null, null, null, null);
INSERT INTO `user` VALUES ('1124', 'Joker-kyjindwn', 'kyjindwn', '1', '0', '普通会员', 'userpic.jpg', 'Joker-zaixuesj', '不详', null, null, null, null, null);
INSERT INTO `user` VALUES ('1125', 'Joker-jcdqkgig', 'jcdqkgig', '1', '0', '普通会员', 'userpic.jpg', 'Joker-rfmogytx', '不详', null, null, null, null, null);
INSERT INTO `user` VALUES ('1126', 'Joker-gzniryav', 'gzniryav', '1', '0', '普通会员', 'userpic.jpg', 'Joker-qxasjudi', '不详', null, null, null, null, null);
INSERT INTO `user` VALUES ('1127', 'Joker-dhsagqnp', 'dhsagqnp', '1', '0', '普通会员', 'userpic.jpg', 'Joker-kiwwxyze', '不详', null, null, null, null, null);
INSERT INTO `user` VALUES ('1128', 'Joker-gjgibpvj', 'gjgibpvj', '1', '0', '普通会员', 'userpic.jpg', 'Joker-dndjsadt', '不详', null, null, null, null, null);
INSERT INTO `user` VALUES ('1129', 'Joker-cgczdaie', 'cgczdaie', '1', '0', '普通会员', 'userpic.jpg', 'Joker-ayqkhqwq', '不详', null, null, null, null, null);
INSERT INTO `user` VALUES ('1130', 'Joker-gnkhfgki', 'gnkhfgki', '1', '0', '普通会员', 'userpic.jpg', 'Joker-dzhvdnvp', '不详', null, null, null, null, null);
INSERT INTO `user` VALUES ('1131', 'Joker-zagghvtb', 'zagghvtb', '1', '0', '普通会员', 'userpic.jpg', 'Joker-ipwleqmg', '不详', null, null, null, null, null);
INSERT INTO `user` VALUES ('1132', 'Joker-dilcaxuu', 'dilcaxuu', '1', '0', '普通会员', 'userpic.jpg', 'Joker-jgblrevu', '不详', null, null, null, null, null);
INSERT INTO `user` VALUES ('1133', 'Joker-hakvccuj', 'hakvccuj', '1', '0', '普通会员', 'userpic.jpg', 'Joker-zjeyklys', '不详', null, null, null, null, null);
INSERT INTO `user` VALUES ('1134', 'Joker-guxufjmd', 'guxufjmd', '1', '0', '普通会员', 'userpic.jpg', 'Joker-tszunntm', '不详', null, null, null, null, null);
INSERT INTO `user` VALUES ('1135', 'Joker-mmyxoliw', 'mmyxoliw', '1', '0', '普通会员', 'userpic.jpg', 'Joker-omzbryem', '不详', null, null, null, null, null);
INSERT INTO `user` VALUES ('1136', 'Joker-ffhelqyu', 'ffhelqyu', '1', '0', '普通会员', 'userpic.jpg', 'Joker-tvvedzim', '不详', null, null, null, null, null);
INSERT INTO `user` VALUES ('1137', 'Joker-nufpqdnr', 'nufpqdnr', '1', '0', '普通会员', 'userpic.jpg', 'Joker-mcafqysg', '不详', null, null, null, null, null);
INSERT INTO `user` VALUES ('1138', 'Joker-zrafkhsf', 'zrafkhsf', '1', '0', '普通会员', 'userpic.jpg', 'Joker-tajxryns', '不详', null, null, null, null, null);
INSERT INTO `user` VALUES ('1139', 'Joker-fjyiuuht', 'fjyiuuht', '1', '0', '普通会员', 'userpic.jpg', 'Joker-xpnlpcee', '不详', null, null, null, null, null);
INSERT INTO `user` VALUES ('1140', 'Joker-vvmxtyrh', 'vvmxtyrh', '1', '0', '普通会员', 'userpic.jpg', 'Joker-uwpivkls', '不详', null, null, null, null, null);
INSERT INTO `user` VALUES ('1141', 'Joker-hgdjcpzd', 'hgdjcpzd', '1', '0', '普通会员', 'userpic.jpg', 'Joker-crwdmehu', '不详', null, null, null, null, null);
INSERT INTO `user` VALUES ('1142', 'Joker-ypgtosrg', 'ypgtosrg', '1', '0', '普通会员', 'userpic.jpg', 'Joker-nznhshzn', '不详', null, null, null, null, null);
INSERT INTO `user` VALUES ('1143', 'Joker-anhmvzha', 'anhmvzha', '1', '0', '普通会员', 'userpic.jpg', 'Joker-krerqmeo', '不详', null, null, null, null, null);
INSERT INTO `user` VALUES ('1144', 'Joker-llbqrtdf', 'llbqrtdf', '1', '0', '普通会员', 'userpic.jpg', 'Joker-hvlcknuu', '不详', null, null, null, null, null);
INSERT INTO `user` VALUES ('1145', 'Joker-jpisqijr', 'jpisqijr', '1', '0', '普通会员', 'userpic.jpg', 'Joker-ombzvvjp', '不详', null, null, null, null, null);
INSERT INTO `user` VALUES ('1146', 'Joker-ivmggbqg', 'ivmggbqg', '1', '0', '普通会员', 'userpic.jpg', 'Joker-eaqgtafm', '不详', null, null, null, null, null);
INSERT INTO `user` VALUES ('1147', 'Joker-cygmskuk', 'cygmskuk', '1', '0', '普通会员', 'userpic.jpg', 'Joker-wftysegp', '不详', null, null, null, null, null);
INSERT INTO `user` VALUES ('1148', 'Joker-agxgzenk', 'agxgzenk', '1', '0', '普通会员', 'userpic.jpg', 'Joker-ursmwjzy', '不详', null, null, null, null, null);
INSERT INTO `user` VALUES ('1149', 'Joker-rnjcfwee', 'rnjcfwee', '1', '0', '普通会员', 'userpic.jpg', 'Joker-wtblshxx', '不详', null, null, null, null, null);
INSERT INTO `user` VALUES ('1150', 'Joker-kywmhddu', 'kywmhddu', '1', '0', '普通会员', 'userpic.jpg', 'Joker-hvxnpihn', '不详', null, null, null, null, null);
INSERT INTO `user` VALUES ('1151', 'Joker-kvyafivq', 'kvyafivq', '1', '0', '普通会员', 'userpic.jpg', 'Joker-qoakjzvu', '不详', null, null, null, null, null);
INSERT INTO `user` VALUES ('1152', 'Joker-ckpdthcc', 'ckpdthcc', '1', '0', '普通会员', 'userpic.jpg', 'Joker-fpumlvla', '不详', null, null, null, null, null);
INSERT INTO `user` VALUES ('1153', 'Joker-ibgfkqfi', 'ibgfkqfi', '1', '0', '普通会员', 'userpic.jpg', 'Joker-xjjrakbi', '不详', null, null, null, null, null);
INSERT INTO `user` VALUES ('1154', 'Joker-bntaajfv', 'bntaajfv', '1', '0', '普通会员', 'userpic.jpg', 'Joker-kvcwpyal', '不详', null, null, null, null, null);
INSERT INTO `user` VALUES ('1155', 'Joker-xcuxpkvt', 'xcuxpkvt', '1', '0', '普通会员', 'userpic.jpg', 'Joker-pxhtwlsb', '不详', null, null, null, null, null);
INSERT INTO `user` VALUES ('1156', 'Joker-oplmcjve', 'oplmcjve', '1', '0', '普通会员', 'userpic.jpg', 'Joker-sjqmprdo', '不详', null, null, null, null, null);
INSERT INTO `user` VALUES ('1157', 'Joker-axzkfpri', 'axzkfpri', '1', '0', '普通会员', 'userpic.jpg', 'Joker-xqkuaxzg', '不详', null, null, null, null, null);
INSERT INTO `user` VALUES ('1158', 'Joker-fztlpvok', 'fztlpvok', '1', '0', '普通会员', 'userpic.jpg', 'Joker-cukmiwww', '不详', null, null, null, null, null);
INSERT INTO `user` VALUES ('1159', 'Joker-luhllorw', 'luhllorw', '1', '0', '普通会员', 'userpic.jpg', 'Joker-hvfrjvmq', '不详', null, null, null, null, null);
INSERT INTO `user` VALUES ('1160', 'Joker-kimcthga', 'kimcthga', '1', '0', '普通会员', 'userpic.jpg', 'Joker-yevhovuv', '不详', null, null, null, null, null);
INSERT INTO `user` VALUES ('1161', 'Joker-iqaylmnn', 'iqaylmnn', '1', '0', '普通会员', 'userpic.jpg', 'Joker-xmcrsbxp', '不详', null, null, null, null, null);
INSERT INTO `user` VALUES ('1162', 'Joker-dtvkuxgw', 'dtvkuxgw', '1', '0', '普通会员', 'userpic.jpg', 'Joker-lodewhnw', '不详', null, null, null, null, null);
INSERT INTO `user` VALUES ('1163', 'Joker-vrhxaxon', 'vrhxaxon', '1', '0', '普通会员', 'userpic.jpg', 'Joker-mbgziqed', '不详', null, null, null, null, null);
INSERT INTO `user` VALUES ('1164', 'Joker-ilfzgngz', 'ilfzgngz', '1', '0', '普通会员', 'userpic.jpg', 'Joker-zgrpyggm', '不详', null, null, null, null, null);
INSERT INTO `user` VALUES ('1165', 'Joker-tbioiciw', 'tbioiciw', '1', '0', '普通会员', 'userpic.jpg', 'Joker-rcnehrch', '不详', null, null, null, null, null);
INSERT INTO `user` VALUES ('1166', 'Joker-eqbtxfpa', 'eqbtxfpa', '1', '0', '普通会员', 'userpic.jpg', 'Joker-vevqdrpn', '不详', null, null, null, null, null);
INSERT INTO `user` VALUES ('1167', 'Joker-skywvgxp', 'skywvgxp', '1', '0', '普通会员', 'userpic.jpg', 'Joker-tnoscudg', '不详', null, null, null, null, null);
INSERT INTO `user` VALUES ('1168', 'Joker-bmqmqnmc', 'bmqmqnmc', '1', '0', '普通会员', 'userpic.jpg', 'Joker-tvjauqdo', '不详', null, null, null, null, null);
INSERT INTO `user` VALUES ('1169', 'Joker-tpsttraf', 'tpsttraf', '1', '0', '普通会员', 'userpic.jpg', 'Joker-dhozsedi', '不详', null, null, null, null, null);
INSERT INTO `user` VALUES ('1170', 'Joker-hefaieet', 'hefaieet', '1', '0', '普通会员', 'userpic.jpg', 'Joker-cknmwnrh', '不详', null, null, null, null, null);
INSERT INTO `user` VALUES ('1171', 'Joker-mpzeiajf', 'mpzeiajf', '1', '0', '普通会员', 'userpic.jpg', 'Joker-slvklhbi', '不详', null, null, null, null, null);
INSERT INTO `user` VALUES ('1172', 'Joker-ifbpozhg', 'ifbpozhg', '1', '0', '普通会员', 'userpic.jpg', 'Joker-nlknbibx', '不详', null, null, null, null, null);
INSERT INTO `user` VALUES ('1173', 'Joker-dnnfxnwx', 'dnnfxnwx', '1', '0', '普通会员', 'userpic.jpg', 'Joker-rjnnawjf', '不详', null, null, null, null, null);
INSERT INTO `user` VALUES ('1174', 'Joker-vsqzedif', 'vsqzedif', '1', '0', '普通会员', 'userpic.jpg', 'Joker-ppwnhkyi', '不详', null, null, null, null, null);
INSERT INTO `user` VALUES ('1175', 'Joker-lbyweemy', 'lbyweemy', '1', '0', '普通会员', 'userpic.jpg', 'Joker-jcoedywi', '不详', null, null, null, null, null);
INSERT INTO `user` VALUES ('1176', 'Joker-ibtiqzvb', 'ibtiqzvb', '1', '0', '普通会员', 'userpic.jpg', 'Joker-rfnjwhcm', '不详', null, null, null, null, null);
INSERT INTO `user` VALUES ('1177', 'Joker-otpchaqq', 'otpchaqq', '1', '0', '普通会员', 'userpic.jpg', 'Joker-qpcwkpxh', '不详', null, null, null, null, null);
INSERT INTO `user` VALUES ('1178', 'Joker-hjlqmqqe', 'hjlqmqqe', '1', '0', '普通会员', 'userpic.jpg', 'Joker-fldwjxgv', '不详', null, null, null, null, null);
INSERT INTO `user` VALUES ('1179', 'Joker-rixxspdu', 'rixxspdu', '1', '0', '普通会员', 'userpic.jpg', 'Joker-geaknfku', '不详', null, null, null, null, null);
INSERT INTO `user` VALUES ('1180', 'Joker-qsegvfhc', 'qsegvfhc', '1', '0', '普通会员', 'userpic.jpg', 'Joker-sopzftro', '不详', null, null, null, null, null);
INSERT INTO `user` VALUES ('1181', 'Joker-sbefpnfq', 'sbefpnfq', '1', '0', '普通会员', 'userpic.jpg', 'Joker-cbmhvaza', '不详', null, null, null, null, null);
INSERT INTO `user` VALUES ('1182', 'Joker-ztkimqmu', 'ztkimqmu', '1', '0', '普通会员', 'userpic.jpg', 'Joker-qjujuahe', '不详', null, null, null, null, null);
INSERT INTO `user` VALUES ('1183', 'Joker-apvybxvl', 'apvybxvl', '1', '0', '普通会员', 'userpic.jpg', 'Joker-wiqnbdmx', '不详', null, null, null, null, null);
INSERT INTO `user` VALUES ('1184', 'Joker-hnkuqylz', 'hnkuqylz', '1', '0', '普通会员', 'userpic.jpg', 'Joker-rthflzym', '不详', null, null, null, null, null);
INSERT INTO `user` VALUES ('1185', 'Joker-ycpenysc', 'ycpenysc', '1', '0', '普通会员', 'userpic.jpg', 'Joker-xfzdswtp', '不详', null, null, null, null, null);
INSERT INTO `user` VALUES ('1186', 'Joker-xgiamzrb', 'xgiamzrb', '1', '0', '普通会员', 'userpic.jpg', 'Joker-uzkzscqf', '不详', null, null, null, null, null);
INSERT INTO `user` VALUES ('1187', 'Joker-tfvlwmoa', 'tfvlwmoa', '1', '0', '普通会员', 'userpic.jpg', 'Joker-lsjimgpx', '不详', null, null, null, null, null);
INSERT INTO `user` VALUES ('1188', 'Joker-zmdybqvk', 'zmdybqvk', '1', '0', '普通会员', 'userpic.jpg', 'Joker-xzsxzxrf', '不详', null, null, null, null, null);
INSERT INTO `user` VALUES ('1189', 'Joker-souniwdc', 'souniwdc', '1', '0', '普通会员', 'userpic.jpg', 'Joker-vqszpzbh', '不详', null, null, null, null, null);
INSERT INTO `user` VALUES ('1190', 'Joker-vjrmhjbm', 'vjrmhjbm', '1', '0', '普通会员', 'userpic.jpg', 'Joker-nbrjtffc', '不详', null, null, null, null, null);
INSERT INTO `user` VALUES ('1191', 'Joker-qddpkmlb', 'qddpkmlb', '1', '0', '普通会员', 'userpic.jpg', 'Joker-wlnqzkhu', '不详', null, null, null, null, null);
INSERT INTO `user` VALUES ('1192', 'Joker-hiljzgti', 'hiljzgti', '1', '0', '普通会员', 'userpic.jpg', 'Joker-quftizez', '不详', null, null, null, null, null);
INSERT INTO `user` VALUES ('1193', 'Joker-ucnfjofy', 'ucnfjofy', '1', '0', '普通会员', 'userpic.jpg', 'Joker-vbtimqop', '不详', null, null, null, null, null);
INSERT INTO `user` VALUES ('1194', 'Joker-tzvhvyxb', 'tzvhvyxb', '1', '0', '普通会员', 'userpic.jpg', 'Joker-aljmdnjz', '不详', null, null, null, null, null);
INSERT INTO `user` VALUES ('1195', 'Joker-gwiglvvk', 'gwiglvvk', '1', '0', '普通会员', 'userpic.jpg', 'Joker-clsyzohg', '不详', null, null, null, null, null);
INSERT INTO `user` VALUES ('1196', 'Joker-pwmunejx', 'pwmunejx', '1', '0', '普通会员', 'userpic.jpg', 'Joker-esmkebro', '不详', null, null, null, null, null);
INSERT INTO `user` VALUES ('1197', 'Joker-dfgzpppf', 'dfgzpppf', '1', '0', '普通会员', 'userpic.jpg', 'Joker-yxbsytqb', '不详', null, null, null, null, null);
INSERT INTO `user` VALUES ('1198', 'Joker-wmeefveg', 'wmeefveg', '1', '0', '普通会员', 'userpic.jpg', 'Joker-dikiipmx', '不详', null, null, null, null, null);
INSERT INTO `user` VALUES ('1199', 'Joker-jfikqkrr', 'jfikqkrr', '1', '0', '普通会员', 'userpic.jpg', 'Joker-zgzpojck', '不详', null, null, null, null, null);
INSERT INTO `user` VALUES ('1200', 'Joker-qvlisolz', 'qvlisolz', '1', '0', '普通会员', 'userpic.jpg', 'Joker-bnfubegs', '不详', null, null, null, null, null);
INSERT INTO `user` VALUES ('1201', 'Joker-wtxaxxlj', 'wtxaxxlj', '1', '0', '普通会员', 'userpic.jpg', 'Joker-qddaitpp', '不详', null, null, null, null, null);
INSERT INTO `user` VALUES ('1202', 'Joker-kdlycltx', 'kdlycltx', '1', '0', '普通会员', 'userpic.jpg', 'Joker-aybzhhpv', '不详', null, null, null, null, null);
INSERT INTO `user` VALUES ('1203', 'Joker-ajlhvedh', 'ajlhvedh', '1', '0', '普通会员', 'userpic.jpg', 'Joker-ioxzonii', '不详', null, null, null, null, null);
INSERT INTO `user` VALUES ('1204', 'Joker-xtjopqqv', 'xtjopqqv', '1', '0', '普通会员', 'userpic.jpg', 'Joker-mqfhjrgr', '不详', null, null, null, null, null);
INSERT INTO `user` VALUES ('1205', 'Joker-rhliilyg', 'rhliilyg', '1', '0', '普通会员', 'userpic.jpg', 'Joker-ixetojlc', '不详', null, null, null, null, null);
INSERT INTO `user` VALUES ('1206', 'Joker-emoqvtdl', 'emoqvtdl', '1', '0', '普通会员', 'userpic.jpg', 'Joker-gvrwajbg', '不详', null, null, null, null, null);
INSERT INTO `user` VALUES ('1207', 'Joker-arvwgvtx', 'arvwgvtx', '1', '0', '普通会员', 'userpic.jpg', 'Joker-qkakaezj', '不详', null, null, null, null, null);
INSERT INTO `user` VALUES ('1208', 'Joker-bzoypbmc', 'bzoypbmc', '1', '0', '普通会员', 'userpic.jpg', 'Joker-gqfocimw', '不详', null, null, null, null, null);
INSERT INTO `user` VALUES ('1209', 'Joker-aucccjry', 'aucccjry', '1', '0', '普通会员', 'userpic.jpg', 'Joker-whhisnox', '不详', null, null, null, null, null);
INSERT INTO `user` VALUES ('1210', 'Joker-firdgtsi', 'firdgtsi', '1', '0', '普通会员', 'userpic.jpg', 'Joker-yluhlpvd', '不详', null, null, null, null, null);
INSERT INTO `user` VALUES ('1211', 'Joker-ndjvjgzd', 'ndjvjgzd', '1', '0', '普通会员', 'userpic.jpg', 'Joker-jidqtrnc', '不详', null, null, null, null, null);
INSERT INTO `user` VALUES ('1212', 'Joker-qkwxurqd', 'qkwxurqd', '1', '0', '普通会员', 'userpic.jpg', 'Joker-qnxszjhp', '不详', null, null, null, null, null);
INSERT INTO `user` VALUES ('1213', 'Joker-vhlmabqv', 'vhlmabqv', '1', '0', '普通会员', 'userpic.jpg', 'Joker-vyeckctz', '不详', null, null, null, null, null);
INSERT INTO `user` VALUES ('1214', 'Joker-tuxpuwuj', 'tuxpuwuj', '1', '0', '普通会员', 'userpic.jpg', 'Joker-iiksmuhs', '不详', null, null, null, null, null);
INSERT INTO `user` VALUES ('1215', 'Joker-vaogiflw', 'vaogiflw', '1', '0', '普通会员', 'userpic.jpg', 'Joker-myvgvchj', '不详', null, null, null, null, null);
INSERT INTO `user` VALUES ('1216', 'Joker-hlwkmybs', 'hlwkmybs', '1', '0', '普通会员', 'userpic.jpg', 'Joker-pthhsnrj', '不详', null, null, null, null, null);
INSERT INTO `user` VALUES ('1217', 'Joker-waeelsqa', 'waeelsqa', '1', '0', '普通会员', 'userpic.jpg', 'Joker-rejweaxt', '不详', null, null, null, null, null);
INSERT INTO `user` VALUES ('1218', 'Joker-vhpesfui', 'vhpesfui', '1', '0', '普通会员', 'userpic.jpg', 'Joker-yklamniu', '不详', null, null, null, null, null);
INSERT INTO `user` VALUES ('1219', 'Joker-qcefefyw', 'qcefefyw', '1', '0', '普通会员', 'userpic.jpg', 'Joker-wxjjyild', '不详', null, null, null, null, null);
INSERT INTO `user` VALUES ('1220', 'Joker-kwnlnqhn', 'kwnlnqhn', '1', '0', '普通会员', 'userpic.jpg', 'Joker-fmlblofq', '不详', null, null, null, null, null);
INSERT INTO `user` VALUES ('1221', 'Joker-fqzcnkxu', 'fqzcnkxu', '1', '0', '普通会员', 'userpic.jpg', 'Joker-mecalayw', '不详', null, null, null, null, null);
INSERT INTO `user` VALUES ('1222', 'Joker-nhaxilvr', 'nhaxilvr', '1', '0', '普通会员', 'userpic.jpg', 'Joker-qijremtq', '不详', null, null, null, null, null);
INSERT INTO `user` VALUES ('1223', 'Joker-wriquzlb', 'wriquzlb', '1', '0', '普通会员', 'userpic.jpg', 'Joker-jwoesxwa', '不详', null, null, null, null, null);
INSERT INTO `user` VALUES ('1224', 'Joker-epflkxnn', 'epflkxnn', '1', '0', '普通会员', 'userpic.jpg', 'Joker-fuytpcvn', '不详', null, null, null, null, null);
INSERT INTO `user` VALUES ('1225', 'Joker-kvqyzhmh', 'kvqyzhmh', '1', '0', '普通会员', 'userpic.jpg', 'Joker-drkyhsqz', '不详', null, null, null, null, null);
INSERT INTO `user` VALUES ('1226', 'Joker-xxoghbta', 'xxoghbta', '1', '0', '普通会员', 'userpic.jpg', 'Joker-hguhpkzi', '不详', null, null, null, null, null);
INSERT INTO `user` VALUES ('1227', 'Joker-abscgkcc', 'abscgkcc', '1', '0', '普通会员', 'userpic.jpg', 'Joker-ltkhjvtb', '不详', null, null, null, null, null);
INSERT INTO `user` VALUES ('1228', 'Joker-whlnvrad', 'whlnvrad', '1', '0', '普通会员', 'userpic.jpg', 'Joker-agcxbbwr', '不详', null, null, null, null, null);
INSERT INTO `user` VALUES ('1229', 'Joker-iduqvmct', 'iduqvmct', '1', '0', '普通会员', 'userpic.jpg', 'Joker-ziejybex', '不详', null, null, null, null, null);
INSERT INTO `user` VALUES ('1230', 'Joker-vfnezadm', 'vfnezadm', '1', '0', '普通会员', 'userpic.jpg', 'Joker-oirrlzsi', '不详', null, null, null, null, null);
INSERT INTO `user` VALUES ('1231', 'Joker-eaeddbcz', 'eaeddbcz', '1', '0', '普通会员', 'userpic.jpg', 'Joker-kblqmcdz', '不详', null, null, null, null, null);
INSERT INTO `user` VALUES ('1232', 'Joker-zuvjlkxf', 'zuvjlkxf', '1', '0', '普通会员', 'userpic.jpg', 'Joker-otidjszz', '不详', null, null, null, null, null);
INSERT INTO `user` VALUES ('1233', 'Joker-viviomsr', 'viviomsr', '1', '0', '普通会员', 'userpic.jpg', 'Joker-empaxidd', '不详', null, null, null, null, null);
INSERT INTO `user` VALUES ('1234', 'Joker-vjuutssl', 'vjuutssl', '1', '0', '普通会员', 'userpic.jpg', 'Joker-dexfodwd', '不详', null, null, null, null, null);
INSERT INTO `user` VALUES ('1235', 'Joker-rhtaeqlu', 'rhtaeqlu', '1', '0', '普通会员', 'userpic.jpg', 'Joker-ejouevkq', '不详', null, null, null, null, null);
INSERT INTO `user` VALUES ('1236', 'Joker-gvmkpcha', 'gvmkpcha', '1', '0', '普通会员', 'userpic.jpg', 'Joker-bhceqqek', '不详', null, null, null, null, null);
INSERT INTO `user` VALUES ('1237', 'Joker-oqkehdzc', 'oqkehdzc', '1', '0', '普通会员', 'userpic.jpg', 'Joker-hyjnwyib', '不详', null, null, null, null, null);
INSERT INTO `user` VALUES ('1238', 'Joker-hhpqogei', 'hhpqogei', '1', '0', '普通会员', 'userpic.jpg', 'Joker-rgxduhvg', '不详', null, null, null, null, null);
INSERT INTO `user` VALUES ('1239', 'Joker-snmjhpuq', 'snmjhpuq', '1', '0', '普通会员', 'userpic.jpg', 'Joker-rwhgvyyu', '不详', null, null, null, null, null);
INSERT INTO `user` VALUES ('1240', 'Joker-hhugswgw', 'hhugswgw', '1', '0', '普通会员', 'userpic.jpg', 'Joker-yirufjsl', '不详', null, null, null, null, null);
INSERT INTO `user` VALUES ('1241', 'Joker-ktjspbys', 'ktjspbys', '1', '0', '普通会员', 'userpic.jpg', 'Joker-jmqxwrqw', '不详', null, null, null, null, null);
INSERT INTO `user` VALUES ('1242', 'Joker-emwmacka', 'emwmacka', '1', '0', '普通会员', 'userpic.jpg', 'Joker-spvtcdvf', '不详', null, null, null, null, null);
INSERT INTO `user` VALUES ('1243', 'Joker-wjoqqnqo', 'wjoqqnqo', '1', '0', '普通会员', 'userpic.jpg', 'Joker-hhqsjlfm', '不详', null, null, null, null, null);
INSERT INTO `user` VALUES ('1244', 'Joker-ohkjpebm', 'ohkjpebm', '1', '0', '普通会员', 'userpic.jpg', 'Joker-bhibmemt', '不详', null, null, null, null, null);
INSERT INTO `user` VALUES ('1245', 'Joker-dghwruzi', 'dghwruzi', '1', '0', '普通会员', 'userpic.jpg', 'Joker-ghvmrqhs', '不详', null, null, null, null, null);
INSERT INTO `user` VALUES ('1246', 'Joker-ehqidtwm', 'ehqidtwm', '1', '0', '普通会员', 'userpic.jpg', 'Joker-fpmjlhwf', '不详', null, null, null, null, null);
INSERT INTO `user` VALUES ('1247', 'Joker-dotnkbzc', 'dotnkbzc', '1', '0', '普通会员', 'userpic.jpg', 'Joker-ydgswpdg', '不详', null, null, null, null, null);
INSERT INTO `user` VALUES ('1248', 'Joker-izlhrolk', 'izlhrolk', '1', '0', '普通会员', 'userpic.jpg', 'Joker-eujsjgmz', '不详', null, null, null, null, null);
INSERT INTO `user` VALUES ('1249', 'Joker-tleyijxr', 'tleyijxr', '1', '0', '普通会员', 'userpic.jpg', 'Joker-twddgmly', '不详', null, null, null, null, null);
INSERT INTO `user` VALUES ('1250', 'Joker-dyqeslwi', 'dyqeslwi', '1', '0', '普通会员', 'userpic.jpg', 'Joker-nphxppvr', '不详', null, null, null, null, null);
INSERT INTO `user` VALUES ('1251', 'Joker-uoflrtov', 'uoflrtov', '1', '0', '普通会员', 'userpic.jpg', 'Joker-opwihenm', '不详', null, null, null, null, null);
INSERT INTO `user` VALUES ('1252', 'Joker-rwxojxsc', 'rwxojxsc', '1', '0', '普通会员', 'userpic.jpg', 'Joker-ausxwuvr', '不详', null, null, null, null, null);
INSERT INTO `user` VALUES ('1253', 'Joker-vaqcugnf', 'vaqcugnf', '1', '0', '普通会员', 'userpic.jpg', 'Joker-qwynhech', '不详', null, null, null, null, null);
INSERT INTO `user` VALUES ('1254', 'Joker-ueipbnnc', 'ueipbnnc', '1', '0', '普通会员', 'userpic.jpg', 'Joker-qhcryrws', '不详', null, null, null, null, null);
INSERT INTO `user` VALUES ('1255', 'Joker-emtlyqsf', 'emtlyqsf', '1', '0', '普通会员', 'userpic.jpg', 'Joker-nfvzvgjx', '不详', null, null, null, null, null);
INSERT INTO `user` VALUES ('1256', 'Joker-nrrwevtj', 'nrrwevtj', '1', '0', '普通会员', 'userpic.jpg', 'Joker-ziusfshw', '不详', null, null, null, null, null);
INSERT INTO `user` VALUES ('1257', 'Joker-hhotijtq', 'hhotijtq', '1', '0', '普通会员', 'userpic.jpg', 'Joker-knuwrruu', '不详', null, null, null, null, null);
INSERT INTO `user` VALUES ('1258', 'Joker-ausazzrn', 'ausazzrn', '1', '0', '普通会员', 'userpic.jpg', 'Joker-udqbaqrw', '不详', null, null, null, null, null);
INSERT INTO `user` VALUES ('1259', 'Joker-kwnswocd', 'kwnswocd', '1', '0', '普通会员', 'userpic.jpg', 'Joker-yjkysmyy', '不详', null, null, null, null, null);
INSERT INTO `user` VALUES ('1260', 'Joker-mshtqhcn', 'mshtqhcn', '1', '0', '普通会员', 'userpic.jpg', 'Joker-otixflno', '不详', null, null, null, null, null);
INSERT INTO `user` VALUES ('1261', 'Joker-wukhdyqu', 'wukhdyqu', '1', '0', '普通会员', 'userpic.jpg', 'Joker-qrjlcgzn', '不详', null, null, null, null, null);
INSERT INTO `user` VALUES ('1262', 'Joker-gxqkfqkt', 'gxqkfqkt', '1', '0', '普通会员', 'userpic.jpg', 'Joker-vcpnkoyw', '不详', null, null, null, null, null);
INSERT INTO `user` VALUES ('1263', 'Joker-akxasyqk', 'akxasyqk', '1', '0', '普通会员', 'userpic.jpg', 'Joker-qqvcmhdb', '不详', null, null, null, null, null);
INSERT INTO `user` VALUES ('1264', 'Joker-tkeltatz', 'tkeltatz', '1', '0', '普通会员', 'userpic.jpg', 'Joker-twvkaudv', '不详', null, null, null, null, null);
INSERT INTO `user` VALUES ('1265', 'Joker-hralvsnw', 'hralvsnw', '1', '0', '普通会员', 'userpic.jpg', 'Joker-vrzlhozn', '不详', null, null, null, null, null);
INSERT INTO `user` VALUES ('1266', 'Joker-csuzjyaa', 'csuzjyaa', '1', '0', '普通会员', 'userpic.jpg', 'Joker-xzzgszud', '不详', null, null, null, null, null);
INSERT INTO `user` VALUES ('1267', 'Joker-dooaunvi', 'dooaunvi', '1', '0', '普通会员', 'userpic.jpg', 'Joker-mnwhvppu', '不详', null, null, null, null, null);
INSERT INTO `user` VALUES ('1268', 'Joker-kngmhmyh', 'kngmhmyh', '1', '0', '普通会员', 'userpic.jpg', 'Joker-xahxctcl', '不详', null, null, null, null, null);
INSERT INTO `user` VALUES ('1269', 'Joker-axfmeoxt', 'axfmeoxt', '1', '0', '普通会员', 'userpic.jpg', 'Joker-qqrvzojo', '不详', null, null, null, null, null);
INSERT INTO `user` VALUES ('1270', 'Joker-aqmutwqq', 'aqmutwqq', '1', '0', '普通会员', 'userpic.jpg', 'Joker-kldliefu', '不详', null, null, null, null, null);
INSERT INTO `user` VALUES ('1271', 'Joker-yjbzzgeg', 'yjbzzgeg', '1', '0', '普通会员', 'userpic.jpg', 'Joker-ceganyyg', '不详', null, null, null, null, null);
INSERT INTO `user` VALUES ('1272', 'Joker-tdlaohpp', 'tdlaohpp', '1', '0', '普通会员', 'userpic.jpg', 'Joker-wrboxmjv', '不详', null, null, null, null, null);
INSERT INTO `user` VALUES ('1273', 'Joker-oixmmara', 'oixmmara', '1', '0', '普通会员', 'userpic.jpg', 'Joker-zsrxhemf', '不详', null, null, null, null, null);
INSERT INTO `user` VALUES ('1274', 'Joker-xxltjhgr', 'xxltjhgr', '1', '0', '普通会员', 'userpic.jpg', 'Joker-qvbxqszt', '不详', null, null, null, null, null);
INSERT INTO `user` VALUES ('1275', 'Joker-yowlbrag', 'yowlbrag', '1', '0', '普通会员', 'userpic.jpg', 'Joker-ldbgvzwu', '不详', null, null, null, null, null);
INSERT INTO `user` VALUES ('1276', 'Joker-ppchllho', 'ppchllho', '1', '0', '普通会员', 'userpic.jpg', 'Joker-xstkgvtw', '不详', null, null, null, null, null);
INSERT INTO `user` VALUES ('1277', 'Joker-qarvjhxp', 'qarvjhxp', '1', '0', '普通会员', 'userpic.jpg', 'Joker-kidgmrxi', '不详', null, null, null, null, null);
INSERT INTO `user` VALUES ('1278', 'Joker-aqulccqk', 'aqulccqk', '1', '0', '普通会员', 'userpic.jpg', 'Joker-apurxhtv', '不详', null, null, null, null, null);
INSERT INTO `user` VALUES ('1279', 'Joker-belhuaxg', 'belhuaxg', '1', '0', '普通会员', 'userpic.jpg', 'Joker-jwkdneev', '不详', null, null, null, null, null);
INSERT INTO `user` VALUES ('1280', 'Joker-tbdvrrqw', 'tbdvrrqw', '1', '0', '普通会员', 'userpic.jpg', 'Joker-zswkecso', '不详', null, null, null, null, null);
INSERT INTO `user` VALUES ('1281', 'Joker-dkckmlgs', 'dkckmlgs', '1', '0', '普通会员', 'userpic.jpg', 'Joker-psezpenp', '不详', null, null, null, null, null);
INSERT INTO `user` VALUES ('1282', 'Joker-goitdlyy', 'goitdlyy', '1', '0', '普通会员', 'userpic.jpg', 'Joker-qhslrgnx', '不详', null, null, null, null, null);
INSERT INTO `user` VALUES ('1283', 'Joker-vagqzkqa', 'vagqzkqa', '1', '0', '普通会员', 'userpic.jpg', 'Joker-siftplpm', '不详', null, null, null, null, null);
INSERT INTO `user` VALUES ('1284', 'Joker-luuirrbu', 'luuirrbu', '1', '0', '普通会员', 'userpic.jpg', 'Joker-muhopwos', '不详', null, null, null, null, null);
INSERT INTO `user` VALUES ('1285', 'Joker-evtoirqg', 'evtoirqg', '1', '0', '普通会员', 'userpic.jpg', 'Joker-oljciecd', '不详', null, null, null, null, null);
INSERT INTO `user` VALUES ('1286', 'Joker-cuxpqxic', 'cuxpqxic', '1', '0', '普通会员', 'userpic.jpg', 'Joker-iyldvjev', '不详', null, null, null, null, null);
INSERT INTO `user` VALUES ('1287', 'Joker-lohvlgub', 'lohvlgub', '1', '0', '普通会员', 'userpic.jpg', 'Joker-fchqhtqw', '不详', null, null, null, null, null);
INSERT INTO `user` VALUES ('1288', 'Joker-egpludsp', 'egpludsp', '1', '0', '普通会员', 'userpic.jpg', 'Joker-yjhwiopf', '不详', null, null, null, null, null);
INSERT INTO `user` VALUES ('1289', 'Joker-ndzfqcrl', 'ndzfqcrl', '1', '0', '普通会员', 'userpic.jpg', 'Joker-zzouykyz', '不详', null, null, null, null, null);
INSERT INTO `user` VALUES ('1290', 'Joker-aopjtdza', 'aopjtdza', '1', '0', '普通会员', 'userpic.jpg', 'Joker-ejikzavp', '不详', null, null, null, null, null);
INSERT INTO `user` VALUES ('1291', 'Joker-thpjbluw', 'thpjbluw', '1', '0', '普通会员', 'userpic.jpg', 'Joker-ypwrpmvv', '不详', null, null, null, null, null);
INSERT INTO `user` VALUES ('1292', 'Joker-qubrgwjq', 'qubrgwjq', '1', '0', '普通会员', 'userpic.jpg', 'Joker-zekbipxj', '不详', null, null, null, null, null);
INSERT INTO `user` VALUES ('1293', 'Joker-awlfqcyz', 'awlfqcyz', '1', '0', '普通会员', 'userpic.jpg', 'Joker-znvjogqi', '不详', null, null, null, null, null);
INSERT INTO `user` VALUES ('1294', 'Joker-oyflohvd', 'oyflohvd', '1', '0', '普通会员', 'userpic.jpg', 'Joker-yyivqshu', '不详', null, null, null, null, null);
INSERT INTO `user` VALUES ('1295', 'Joker-nyguhjed', 'nyguhjed', '1', '0', '普通会员', 'userpic.jpg', 'Joker-vnupuykd', '不详', null, null, null, null, null);
INSERT INTO `user` VALUES ('1296', 'Joker-wwlizmrr', 'wwlizmrr', '1', '0', '普通会员', 'userpic.jpg', 'Joker-lfcetvsf', '不详', null, null, null, null, null);
INSERT INTO `user` VALUES ('1297', 'Joker-qjavszdv', 'qjavszdv', '1', '0', '普通会员', 'userpic.jpg', 'Joker-rfezznqi', '不详', null, null, null, null, null);
INSERT INTO `user` VALUES ('1298', 'Joker-jsuejeee', 'jsuejeee', '1', '0', '普通会员', 'userpic.jpg', 'Joker-xwnhnlbi', '不详', null, null, null, null, null);
INSERT INTO `user` VALUES ('1299', 'Joker-lenmcjka', 'lenmcjka', '1', '0', '普通会员', 'userpic.jpg', 'Joker-wzovdaoh', '不详', null, null, null, null, null);
INSERT INTO `user` VALUES ('1300', 'Joker-gujkglmr', 'gujkglmr', '1', '0', '普通会员', 'userpic.jpg', 'Joker-vqutkugm', '不详', null, null, null, null, null);
INSERT INTO `user` VALUES ('1301', 'Joker-xjyprjpt', 'xjyprjpt', '1', '0', '普通会员', 'userpic.jpg', 'Joker-qgotcsvm', '不详', null, null, null, null, null);
INSERT INTO `user` VALUES ('1302', 'Joker-cdkoclrs', 'cdkoclrs', '1', '0', '普通会员', 'userpic.jpg', 'Joker-hdbbsaen', '不详', null, null, null, null, null);
INSERT INTO `user` VALUES ('1303', 'Joker-nduxffbf', 'nduxffbf', '1', '0', '普通会员', 'userpic.jpg', 'Joker-tipgbpfi', '不详', null, null, null, null, null);
INSERT INTO `user` VALUES ('1304', 'Joker-foflubrm', 'foflubrm', '1', '0', '普通会员', 'userpic.jpg', 'Joker-ihmmgelw', '不详', null, null, null, null, null);
INSERT INTO `user` VALUES ('1305', 'Joker-vtozpjqi', 'vtozpjqi', '-1', '0', '普通会员', 'userpic.jpg', 'Joker-ulcyghbl', '不详', '0', null, null, null, null);
INSERT INTO `user` VALUES ('1306', 'Joker-uqiolluq', 'uqiolluq', '1', '0', '普通会员', 'userpic.jpg', 'Joker-nbowoyvu', '不详', null, null, null, null, null);
INSERT INTO `user` VALUES ('1307', 'Joker-tpqhetvf', 'tpqhetvf', '-1', '0', '普通会员', 'userpic.jpg', 'Joker-klnhmloi', '不详', '0', null, null, null, null);
INSERT INTO `user` VALUES ('1308', 'Joker-ufryabcl', 'ufryabcl', '1', '0', '普通会员', 'userpic.jpg', 'Joker-rdlodwno', '不详', null, null, null, null, null);
INSERT INTO `user` VALUES ('1309', 'Joker-txrrevcy', 'txrrevcy', '-1', '0', '普通会员', 'userpic.jpg', 'Joker-njiusfjw', '不详', '0', null, null, null, null);
INSERT INTO `user` VALUES ('1310', 'Joker-apkkcuaw', 'apkkcuaw', '1', '0', '普通会员', 'userpic.jpg', 'Joker-nkvfqsxr', '不详', null, null, null, null, null);
INSERT INTO `user` VALUES ('1311', 'Joker-ypckehgg', 'ypckehgg', '-1', '0', '普通会员', 'userpic.jpg', 'Joker-qooehquq', '不详', '0', null, null, null, null);
INSERT INTO `user` VALUES ('1312', 'Joker-qewzqona', 'qewzqona', '1', '0', '普通会员', 'userpic.jpg', 'Joker-wouifwnx', '不详', null, null, null, null, null);
INSERT INTO `user` VALUES ('1313', 'Joker-tfqpsffc', 'tfqpsffc', '-1', '0', '普通会员', 'userpic.jpg', 'Joker-cbswwnxj', '不详', '0', null, null, null, null);
INSERT INTO `user` VALUES ('1314', 'Joker-irdnozxc', 'irdnozxc', '1', '0', '普通会员', 'userpic.jpg', 'Joker-ezcfcncv', '不详', null, null, null, null, null);
INSERT INTO `user` VALUES ('1315', 'Joker-zsvlndje', 'zsvlndje', '1', '0', '普通会员', 'userpic.jpg', 'Joker-swplkwzh', '不详', null, null, null, null, null);
INSERT INTO `user` VALUES ('1316', 'Joker-xrqnyhov', 'xrqnyhov', '1', '0', '普通会员', 'userpic.jpg', 'Joker-zzbgvjzo', '不详', null, null, null, null, null);
INSERT INTO `user` VALUES ('1317', 'Joker-utmpkoke', 'utmpkoke', '1', '0', '普通会员', 'userpic.jpg', 'Joker-sygqrwlw', '不详', null, null, null, null, null);
INSERT INTO `user` VALUES ('1318', 'Joker-lcrrwnpe', 'lcrrwnpe', '1', '0', '普通会员', 'userpic.jpg', 'Joker-mbpcqqvx', '不详', null, null, null, null, null);
INSERT INTO `user` VALUES ('1319', 'Joker-zdqdnism', 'zdqdnism', '1', '0', '普通会员', 'userpic.jpg', 'Joker-wikxwdta', '不详', null, null, null, null, null);
INSERT INTO `user` VALUES ('1320', 'Joker-ljzuzgvo', 'ljzuzgvo', '1', '0', '普通会员', 'userpic.jpg', 'Joker-zawaedef', '不详', null, null, null, null, null);
INSERT INTO `user` VALUES ('1321', 'Joker-opxywedz', 'opxywedz', '1', '0', '普通会员', 'userpic.jpg', 'Joker-euksuknm', '不详', null, null, null, null, null);
INSERT INTO `user` VALUES ('1322', 'Joker-ezbuigwv', 'ezbuigwv', '1', '0', '普通会员', 'userpic.jpg', 'Joker-kofpboyg', '不详', null, null, null, null, null);
INSERT INTO `user` VALUES ('1323', 'Joker-djmcmers', 'djmcmers', '1', '0', '普通会员', 'userpic.jpg', 'Joker-wcfnpebe', '不详', null, null, null, null, null);
INSERT INTO `user` VALUES ('1324', 'Joker-dpvumcoh', 'dpvumcoh', '1', '0', '普通会员', 'userpic.jpg', 'Joker-nrbkfpyb', '不详', null, null, null, null, null);
INSERT INTO `user` VALUES ('1325', 'Joker-tomejrff', 'tomejrff', '1', '0', '普通会员', 'userpic.jpg', 'Joker-dztjsjrf', '不详', null, null, null, null, null);
INSERT INTO `user` VALUES ('1326', 'Joker-pxpgxcuf', 'pxpgxcuf', '1', '0', '普通会员', 'userpic.jpg', 'Joker-cccmscxm', '不详', null, null, null, null, null);
INSERT INTO `user` VALUES ('1327', 'Joker-yruxttwy', 'yruxttwy', '1', '0', '普通会员', 'userpic.jpg', 'Joker-mltejdbf', '不详', null, null, null, null, null);
INSERT INTO `user` VALUES ('1328', 'Joker-ufanzqas', 'ufanzqas', '1', '0', '普通会员', 'userpic.jpg', 'Joker-hwfcbkod', '不详', null, null, null, null, null);
INSERT INTO `user` VALUES ('1329', 'Joker-dopeardd', 'dopeardd', '1', '0', '普通会员', 'userpic.jpg', 'Joker-dpyompmy', '不详', null, null, null, null, null);
INSERT INTO `user` VALUES ('1330', 'Joker-cokfxcpi', 'cokfxcpi', '1', '0', '普通会员', 'userpic.jpg', 'Joker-fwnpahqc', '不详', null, null, null, null, null);
INSERT INTO `user` VALUES ('1331', 'Joker-aomvhptk', 'aomvhptk', '1', '0', '普通会员', 'userpic.jpg', 'Joker-oyzedobz', '不详', null, null, null, null, null);
INSERT INTO `user` VALUES ('1332', 'Joker-efbfswlv', 'efbfswlv', '1', '0', '普通会员', 'userpic.jpg', 'Joker-fkqoyvsg', '不详', null, null, null, null, null);
INSERT INTO `user` VALUES ('1333', 'Joker-epwbxmyk', 'epwbxmyk', '1', '0', '普通会员', 'userpic.jpg', 'Joker-sqdyzzil', '不详', null, null, null, null, null);
INSERT INTO `user` VALUES ('1334', 'Joker-rgvjaakg', 'rgvjaakg', '1', '0', '普通会员', 'userpic.jpg', 'Joker-upptpntf', '不详', null, null, null, null, null);
INSERT INTO `user` VALUES ('1335', 'Joker-tteakoaj', 'tteakoaj', '1', '0', '普通会员', 'userpic.jpg', 'Joker-ckrwdyae', '不详', null, null, null, null, null);
INSERT INTO `user` VALUES ('1336', 'Joker-jqbhkupr', 'jqbhkupr', '1', '0', '普通会员', 'userpic.jpg', 'Joker-pxczbaeb', '不详', null, null, null, null, null);
INSERT INTO `user` VALUES ('1337', 'Joker-qttcuazo', 'qttcuazo', '1', '0', '普通会员', 'userpic.jpg', 'Joker-rehdrfop', '不详', null, null, null, null, null);
INSERT INTO `user` VALUES ('1338', 'Joker-czuncrih', 'czuncrih', '1', '0', '普通会员', 'userpic.jpg', 'Joker-fcgxkaxo', '不详', null, null, null, null, null);
INSERT INTO `user` VALUES ('1339', 'Joker-ikjiarks', 'ikjiarks', '1', '0', '普通会员', 'userpic.jpg', 'Joker-vhemtizh', '不详', null, null, null, null, null);
INSERT INTO `user` VALUES ('1340', 'Joker-fqjaxrgw', 'fqjaxrgw', '1', '0', '普通会员', 'userpic.jpg', 'Joker-lkestkjn', '不详', null, null, null, null, null);
INSERT INTO `user` VALUES ('1341', 'Joker-enchjycv', 'enchjycv', '1', '0', '普通会员', 'userpic.jpg', 'Joker-lrbgcjgp', '不详', null, null, null, null, null);
INSERT INTO `user` VALUES ('1342', 'Joker-efheznio', 'efheznio', '1', '0', '普通会员', 'userpic.jpg', 'Joker-xfekayhx', '不详', null, null, null, null, null);
INSERT INTO `user` VALUES ('1343', 'Joker-wyhrnubh', 'wyhrnubh', '1', '0', '普通会员', 'userpic.jpg', 'Joker-vhnqlyut', '不详', null, null, null, null, null);
INSERT INTO `user` VALUES ('1344', 'Joker-mwgexuqq', 'mwgexuqq', '1', '0', '普通会员', 'userpic.jpg', 'Joker-jvlrpvpt', '不详', null, null, null, null, null);
INSERT INTO `user` VALUES ('1345', 'Joker-umlljyrx', 'umlljyrx', '1', '0', '普通会员', 'userpic.jpg', 'Joker-cgqjwiib', '不详', null, null, null, null, null);
INSERT INTO `user` VALUES ('1346', 'Joker-itrppxll', 'itrppxll', '1', '0', '普通会员', 'userpic.jpg', 'Joker-ebqgawaw', '不详', null, null, null, null, null);
INSERT INTO `user` VALUES ('1347', 'Joker-nekynmtr', 'nekynmtr', '1', '0', '普通会员', 'userpic.jpg', 'Joker-hfytfwei', '不详', null, null, null, null, null);
INSERT INTO `user` VALUES ('1348', 'Joker-krkleruv', 'krkleruv', '1', '0', '普通会员', 'userpic.jpg', 'Joker-teqrahpz', '不详', null, null, null, null, null);
INSERT INTO `user` VALUES ('1349', 'Joker-kvqpszjc', 'kvqpszjc', '1', '0', '普通会员', 'userpic.jpg', 'Joker-qnieqgcf', '不详', null, null, null, null, null);
INSERT INTO `user` VALUES ('1350', 'Joker-jlbkfuyj', 'jlbkfuyj', '1', '0', '普通会员', 'userpic.jpg', 'Joker-riqqogow', '不详', null, null, null, null, null);
INSERT INTO `user` VALUES ('1351', 'Joker-vgmqxnhq', 'vgmqxnhq', '1', '0', '普通会员', 'userpic.jpg', 'Joker-hmmdspjd', '不详', null, null, null, null, null);
INSERT INTO `user` VALUES ('1352', 'Joker-tvoqzqmz', 'tvoqzqmz', '1', '0', '普通会员', 'userpic.jpg', 'Joker-vrkjlcoo', '不详', null, null, null, null, null);
INSERT INTO `user` VALUES ('1353', 'Joker-cmgmsrvn', 'cmgmsrvn', '1', '0', '普通会员', 'userpic.jpg', 'Joker-tnqucvjb', '不详', null, null, null, null, null);
INSERT INTO `user` VALUES ('1354', 'Joker-xjdfiqtz', 'xjdfiqtz', '1', '0', '普通会员', 'userpic.jpg', 'Joker-lzexywtk', '不详', null, null, null, null, null);
INSERT INTO `user` VALUES ('1355', 'Joker-otlwmydl', 'otlwmydl', '1', '0', '普通会员', 'userpic.jpg', 'Joker-lsgdhbjp', '不详', null, null, null, null, null);
INSERT INTO `user` VALUES ('1356', 'Joker-nizuerba', 'nizuerba', '1', '0', '普通会员', 'userpic.jpg', 'Joker-bheagxjg', '不详', null, null, null, null, null);
INSERT INTO `user` VALUES ('1357', 'Joker-oiturfni', 'oiturfni', '1', '0', '普通会员', 'userpic.jpg', 'Joker-ulxnldhi', '不详', null, null, null, null, null);
INSERT INTO `user` VALUES ('1358', 'Joker-tewkzblq', 'tewkzblq', '1', '0', '普通会员', 'userpic.jpg', 'Joker-rqyjxvsy', '不详', null, null, null, null, null);
INSERT INTO `user` VALUES ('1359', 'Joker-yzmxwzrp', 'yzmxwzrp', '1', '0', '普通会员', 'userpic.jpg', 'Joker-zetmofnl', '不详', null, null, null, null, null);
INSERT INTO `user` VALUES ('1360', 'Joker-fcqglkbf', 'fcqglkbf', '1', '0', '普通会员', 'userpic.jpg', 'Joker-ipcdqolk', '不详', null, null, null, null, null);
INSERT INTO `user` VALUES ('1361', 'Joker-vemnncmv', 'vemnncmv', '1', '0', '普通会员', 'userpic.jpg', 'Joker-sacswnon', '不详', null, null, null, null, null);
INSERT INTO `user` VALUES ('1362', 'Joker-rjxkgxeg', 'rjxkgxeg', '1', '0', '普通会员', 'userpic.jpg', 'Joker-hxseowpb', '不详', null, null, null, null, null);
INSERT INTO `user` VALUES ('1363', 'Joker-grmcwfuv', 'grmcwfuv', '1', '0', '普通会员', 'userpic.jpg', 'Joker-pibjpawg', '不详', null, null, null, null, null);
INSERT INTO `user` VALUES ('1364', 'Joker-vqsrawdo', 'vqsrawdo', '1', '0', '普通会员', 'userpic.jpg', 'Joker-oyxzmpoc', '不详', null, null, null, null, null);
INSERT INTO `user` VALUES ('1365', 'Joker-wjyhmgcy', 'wjyhmgcy', '1', '0', '普通会员', 'userpic.jpg', 'Joker-rekavmma', '不详', null, null, null, null, null);
INSERT INTO `user` VALUES ('1366', 'Joker-qkwpypii', 'qkwpypii', '1', '0', '普通会员', 'userpic.jpg', 'Joker-likcmble', '不详', null, null, null, null, null);
INSERT INTO `user` VALUES ('1367', 'Joker-xsdchfbo', 'xsdchfbo', '1', '0', '普通会员', 'userpic.jpg', 'Joker-ktyjowet', '不详', null, null, null, null, null);
INSERT INTO `user` VALUES ('1368', 'Joker-qywglxxj', 'qywglxxj', '1', '0', '普通会员', 'userpic.jpg', 'Joker-txhpmbjp', '不详', null, null, null, null, null);
INSERT INTO `user` VALUES ('1369', 'Joker-xkucdbqr', 'xkucdbqr', '1', '0', '普通会员', 'userpic.jpg', 'Joker-sytlrzio', '不详', null, null, null, null, null);
INSERT INTO `user` VALUES ('1370', 'Joker-jlrgmceo', 'jlrgmceo', '1', '0', '普通会员', 'userpic.jpg', 'Joker-gnayaggk', '不详', null, null, null, null, null);
INSERT INTO `user` VALUES ('1371', 'Joker-fezksnoc', 'fezksnoc', '1', '0', '普通会员', 'userpic.jpg', 'Joker-motnqvkh', '不详', null, null, null, null, null);
INSERT INTO `user` VALUES ('1372', 'Joker-ybdllzlj', 'ybdllzlj', '1', '0', '普通会员', 'userpic.jpg', 'Joker-hrxwzstl', '不详', null, null, null, null, null);
INSERT INTO `user` VALUES ('1373', 'Joker-cxzcnosb', 'cxzcnosb', '1', '0', '普通会员', 'userpic.jpg', 'Joker-wnmztkfy', '不详', null, null, null, null, null);
INSERT INTO `user` VALUES ('1374', 'Joker-ejoiegkz', 'ejoiegkz', '1', '0', '普通会员', 'userpic.jpg', 'Joker-ocgtmooj', '不详', null, null, null, null, null);
INSERT INTO `user` VALUES ('1375', 'Joker-qziyemxn', 'qziyemxn', '1', '0', '普通会员', 'userpic.jpg', 'Joker-voxabecc', '不详', null, null, null, null, null);
INSERT INTO `user` VALUES ('1376', 'Joker-lrqhgjvr', 'lrqhgjvr', '1', '0', '普通会员', 'userpic.jpg', 'Joker-vjxesyjh', '不详', null, null, null, null, null);
INSERT INTO `user` VALUES ('1377', 'Joker-ahxsupuq', 'ahxsupuq', '1', '0', '普通会员', 'userpic.jpg', 'Joker-cbpnitft', '不详', null, null, null, null, null);
INSERT INTO `user` VALUES ('1378', 'Joker-cnmawsqk', 'cnmawsqk', '1', '0', '普通会员', 'userpic.jpg', 'Joker-hdyzkvna', '不详', null, null, null, null, null);
INSERT INTO `user` VALUES ('1379', 'Joker-probfjvg', 'probfjvg', '1', '0', '普通会员', 'userpic.jpg', 'Joker-cglydikh', '不详', null, null, null, null, null);
INSERT INTO `user` VALUES ('1380', 'Joker-wkzmiabf', 'wkzmiabf', '1', '0', '普通会员', 'userpic.jpg', 'Joker-nclazfce', '不详', null, null, null, null, null);
INSERT INTO `user` VALUES ('1381', 'Joker-gmmdzzoj', 'gmmdzzoj', '1', '0', '普通会员', 'userpic.jpg', 'Joker-ewpaamgo', '不详', null, null, null, null, null);
INSERT INTO `user` VALUES ('1382', 'Joker-kamcagds', 'kamcagds', '1', '0', '普通会员', 'userpic.jpg', 'Joker-vlxpcyba', '不详', null, null, null, null, null);
INSERT INTO `user` VALUES ('1383', 'Joker-qzauhzws', 'qzauhzws', '1', '0', '普通会员', 'userpic.jpg', 'Joker-ktasudlo', '不详', null, null, null, null, null);
INSERT INTO `user` VALUES ('1384', 'Joker-cobjnhvx', 'cobjnhvx', '1', '0', '普通会员', 'userpic.jpg', 'Joker-eufsujda', '不详', null, null, null, null, null);
INSERT INTO `user` VALUES ('1385', 'Joker-jkwtbuuj', 'jkwtbuuj', '1', '0', '普通会员', 'userpic.jpg', 'Joker-ksdvyesy', '不详', null, null, null, null, null);
INSERT INTO `user` VALUES ('1386', 'Joker-lcfkoqgp', 'lcfkoqgp', '1', '0', '普通会员', 'userpic.jpg', 'Joker-qndlijod', '不详', null, null, null, null, null);
INSERT INTO `user` VALUES ('1387', 'Joker-edisjnse', 'edisjnse', '1', '0', '普通会员', 'userpic.jpg', 'Joker-iaiteuny', '不详', null, null, null, null, null);
INSERT INTO `user` VALUES ('1388', 'Joker-hdltxczs', 'hdltxczs', '1', '0', '普通会员', 'userpic.jpg', 'Joker-rwakyejd', '不详', null, null, null, null, null);
INSERT INTO `user` VALUES ('1389', 'Joker-uqavpvsu', 'uqavpvsu', '1', '0', '普通会员', 'userpic.jpg', 'Joker-xmsanbam', '不详', null, null, null, null, null);
INSERT INTO `user` VALUES ('1390', 'Joker-zuchdarw', 'zuchdarw', '1', '0', '普通会员', 'userpic.jpg', 'Joker-qbputymv', '不详', null, null, null, null, null);
INSERT INTO `user` VALUES ('1391', 'Joker-sleufrkm', 'sleufrkm', '1', '0', '普通会员', 'userpic.jpg', 'Joker-hrziqhpw', '不详', null, null, null, null, null);
INSERT INTO `user` VALUES ('1392', 'Joker-hyavouqq', 'hyavouqq', '1', '0', '普通会员', 'userpic.jpg', 'Joker-wnpwsclf', '不详', null, null, null, null, null);
INSERT INTO `user` VALUES ('1393', 'Joker-gbblzuxz', 'gbblzuxz', '1', '0', '普通会员', 'userpic.jpg', 'Joker-cxketqbj', '不详', null, null, null, null, null);
INSERT INTO `user` VALUES ('1394', 'Joker-lxiuddmt', 'lxiuddmt', '1', '0', '普通会员', 'userpic.jpg', 'Joker-exgzdeiy', '不详', null, null, null, null, null);
INSERT INTO `user` VALUES ('1395', 'Joker-avhuqtqo', 'avhuqtqo', '1', '0', '普通会员', 'userpic.jpg', 'Joker-bkdbypbb', '不详', null, null, null, null, null);
INSERT INTO `user` VALUES ('1396', 'Joker-buviyznn', 'buviyznn', '1', '0', '普通会员', 'userpic.jpg', 'Joker-iyeexami', '不详', null, null, null, null, null);
INSERT INTO `user` VALUES ('1397', 'Joker-qpyqgwqw', 'qpyqgwqw', '1', '0', '普通会员', 'userpic.jpg', 'Joker-egbvnrgo', '不详', null, null, null, null, null);
INSERT INTO `user` VALUES ('1398', 'Joker-kdhmlxqk', 'kdhmlxqk', '1', '0', '普通会员', 'userpic.jpg', 'Joker-lzgfcuge', '不详', null, null, null, null, null);
INSERT INTO `user` VALUES ('1399', 'Joker-vdtmslzt', 'vdtmslzt', '1', '0', '普通会员', 'userpic.jpg', 'Joker-cfqxenrb', '不详', null, null, null, null, null);
INSERT INTO `user` VALUES ('1400', 'Joker-dpohmhjf', 'dpohmhjf', '1', '0', '普通会员', 'userpic.jpg', 'Joker-wlwwoope', '不详', null, null, null, null, null);
INSERT INTO `user` VALUES ('1401', 'Joker-pucusoae', 'pucusoae', '1', '0', '普通会员', 'userpic.jpg', 'Joker-loscxynj', '不详', null, null, null, null, null);
INSERT INTO `user` VALUES ('1402', 'Joker-wahskmkh', 'wahskmkh', '1', '0', '普通会员', 'userpic.jpg', 'Joker-ffzmswor', '不详', null, null, null, null, null);
INSERT INTO `user` VALUES ('1403', 'Joker-tkyhmrhc', 'tkyhmrhc', '1', '0', '普通会员', 'userpic.jpg', 'Joker-htwkpqvt', '不详', null, null, null, null, null);
INSERT INTO `user` VALUES ('1404', 'Joker-fuzgnuzo', 'fuzgnuzo', '1', '0', '普通会员', 'userpic.jpg', 'Joker-lvykvbfr', '不详', null, null, null, null, null);
INSERT INTO `user` VALUES ('1405', 'Joker-ybamrzje', 'ybamrzje', '1', '0', '普通会员', 'userpic.jpg', 'Joker-pawlxxia', '不详', null, null, null, null, null);
INSERT INTO `user` VALUES ('1406', 'Joker-fhlvboln', 'fhlvboln', '1', '0', '普通会员', 'userpic.jpg', 'Joker-zjyhvuna', '不详', null, null, null, null, null);
INSERT INTO `user` VALUES ('1407', 'Joker-vsldariy', 'vsldariy', '1', '0', '普通会员', 'userpic.jpg', 'Joker-nfeqlioc', '不详', null, null, null, null, null);
INSERT INTO `user` VALUES ('1408', 'Joker-dpqkvutu', 'dpqkvutu', '1', '0', '普通会员', 'userpic.jpg', 'Joker-wngfwfwo', '不详', null, null, null, null, null);
INSERT INTO `user` VALUES ('1409', 'Joker-iudadvnt', 'iudadvnt', '1', '0', '普通会员', 'userpic.jpg', 'Joker-jgmztgrd', '不详', null, null, null, null, null);
INSERT INTO `user` VALUES ('1410', 'Joker-pcxfglnc', 'pcxfglnc', '1', '0', '普通会员', 'userpic.jpg', 'Joker-eescxfmn', '不详', null, null, null, null, null);
INSERT INTO `user` VALUES ('1411', 'Joker-ywfncsvz', 'ywfncsvz', '1', '0', '普通会员', 'userpic.jpg', 'Joker-hcgcfvcr', '不详', null, null, null, null, null);
INSERT INTO `user` VALUES ('1412', 'Joker-ezdjsame', 'ezdjsame', '1', '0', '普通会员', 'userpic.jpg', 'Joker-sncxyifa', '不详', null, null, null, null, null);
INSERT INTO `user` VALUES ('1413', 'Joker-dojesyad', 'dojesyad', '1', '0', '普通会员', 'userpic.jpg', 'Joker-yiejatcs', '不详', null, null, null, null, null);
INSERT INTO `user` VALUES ('1414', 'Joker-vltizuib', 'vltizuib', '-1', '0', '普通会员', 'userpic.jpg', 'Joker-zwqoxwvb', '不详', '0', null, null, null, null);
INSERT INTO `user` VALUES ('1415', 'Joker-zumldgvd', 'zumldgvd', '-1', '0', '普通会员', 'userpic.jpg', 'Joker-aoiscnnp', '不详', '0', null, null, null, null);
INSERT INTO `user` VALUES ('1416', 'Joker-ayontrwf', 'ayontrwf', '1', '0', '普通会员', 'userpic.jpg', 'Joker-bhyzombl', '不详', null, null, null, null, null);
INSERT INTO `user` VALUES ('1417', 'Joker-twjawvxv', 'twjawvxv', '1', '0', '普通会员', 'userpic.jpg', 'Joker-fbrczikc', '不详', null, null, null, null, null);
INSERT INTO `user` VALUES ('1418', 'Joker-rlaunkqe', 'rlaunkqe', '1', '0', '普通会员', 'userpic.jpg', 'Joker-srckagnv', '不详', null, null, null, null, null);
INSERT INTO `user` VALUES ('1419', 'Joker-ydlrbjxk', 'ydlrbjxk', '1', '0', '普通会员', 'userpic.jpg', 'Joker-grnwymud', '不详', null, null, null, null, null);
INSERT INTO `user` VALUES ('1420', 'Joker-ydgcgdmc', 'ydgcgdmc', '1', '0', '普通会员', 'userpic.jpg', 'Joker-fnuiksib', '不详', null, null, null, null, null);
INSERT INTO `user` VALUES ('1421', 'Joker-wntxsujl', 'wntxsujl', '1', '0', '普通会员', 'userpic.jpg', 'Joker-qemvfhcx', '不详', null, null, null, null, null);
INSERT INTO `user` VALUES ('1422', 'Joker-pyplkbji', 'pyplkbji', '1', '0', '普通会员', 'userpic.jpg', 'Joker-atlbjilr', '不详', null, null, null, null, null);
INSERT INTO `user` VALUES ('1423', 'Joker-kwzesvjk', 'kwzesvjk', '1', '0', '普通会员', 'userpic.jpg', 'Joker-fexediwn', '不详', null, null, null, null, null);
INSERT INTO `user` VALUES ('1424', 'Joker-twthoufl', 'twthoufl', '1', '0', '普通会员', 'userpic.jpg', 'Joker-nagobszk', '不详', null, null, null, null, null);
INSERT INTO `user` VALUES ('1425', 'Joker-rvhhcbas', 'rvhhcbas', '1', '0', '普通会员', 'userpic.jpg', 'Joker-zcvgeiqk', '不详', null, null, null, null, null);
INSERT INTO `user` VALUES ('1426', 'Joker-abltfndp', 'abltfndp', '1', '0', '普通会员', 'userpic.jpg', 'Joker-qwtdzopn', '不详', null, null, null, null, null);
INSERT INTO `user` VALUES ('1427', 'Joker-nlrjnhpc', 'nlrjnhpc', '1', '0', '普通会员', 'userpic.jpg', 'Joker-nhpextch', '不详', null, null, null, null, null);
INSERT INTO `user` VALUES ('1428', 'Joker-vznyvcdb', 'vznyvcdb', '1', '0', '普通会员', 'userpic.jpg', 'Joker-gierrzgy', '不详', null, null, null, null, null);
INSERT INTO `user` VALUES ('1429', 'Joker-lrnejkvq', 'lrnejkvq', '1', '0', '普通会员', 'userpic.jpg', 'Joker-vdwqdkrn', '不详', null, null, null, null, null);
INSERT INTO `user` VALUES ('1430', 'Joker-ukzlykuq', 'ukzlykuq', '1', '0', '普通会员', 'userpic.jpg', 'Joker-rekblatw', '不详', null, null, null, null, null);
INSERT INTO `user` VALUES ('1431', 'Joker-yftzcaoi', 'yftzcaoi', '1', '0', '普通会员', 'userpic.jpg', 'Joker-mrxgxxjh', '不详', null, null, null, null, null);
INSERT INTO `user` VALUES ('1432', 'Joker-tipnnhse', 'tipnnhse', '1', '0', '普通会员', 'userpic.jpg', 'Joker-ssgxdpcs', '不详', null, null, null, null, null);
INSERT INTO `user` VALUES ('1433', 'Joker-xnzygrdi', 'xnzygrdi', '1', '0', '普通会员', 'userpic.jpg', 'Joker-gvakuuhj', '不详', null, null, null, null, null);
INSERT INTO `user` VALUES ('1434', 'Joker-lzhleufv', 'lzhleufv', '1', '0', '普通会员', 'userpic.jpg', 'Joker-ewmuqmui', '不详', null, null, null, null, null);
INSERT INTO `user` VALUES ('1435', 'Joker-okpaqkmh', 'okpaqkmh', '1', '0', '普通会员', 'userpic.jpg', 'Joker-uzmhszuo', '不详', null, null, null, null, null);
INSERT INTO `user` VALUES ('1436', 'Joker-dkfqidzj', 'dkfqidzj', '1', '0', '普通会员', 'userpic.jpg', 'Joker-pcppbbqn', '不详', null, null, null, null, null);
INSERT INTO `user` VALUES ('1437', 'Joker-feipchxs', 'feipchxs', '1', '0', '普通会员', 'userpic.jpg', 'Joker-xgyeatou', '不详', null, null, null, null, null);
INSERT INTO `user` VALUES ('1438', 'Joker-vcuhjjxa', 'vcuhjjxa', '1', '0', '普通会员', 'userpic.jpg', 'Joker-parmpsoi', '不详', null, null, null, null, null);
INSERT INTO `user` VALUES ('1439', 'Joker-kckwtudz', 'kckwtudz', '1', '0', '普通会员', 'userpic.jpg', 'Joker-jadluaoe', '不详', null, null, null, null, null);
INSERT INTO `user` VALUES ('1440', 'Joker-wuuyefpp', 'wuuyefpp', '1', '0', '普通会员', 'userpic.jpg', 'Joker-yppzjhub', '不详', null, null, null, null, null);
INSERT INTO `user` VALUES ('1441', 'Joker-ozanqglm', 'ozanqglm', '1', '0', '普通会员', 'userpic.jpg', 'Joker-xybhtucx', '不详', null, null, null, null, null);
INSERT INTO `user` VALUES ('1442', 'Joker-ibpldrtj', 'ibpldrtj', '1', '0', '普通会员', 'userpic.jpg', 'Joker-plaivdwg', '不详', null, null, null, null, null);
INSERT INTO `user` VALUES ('1443', 'Joker-ruuyagja', 'ruuyagja', '1', '0', '普通会员', 'userpic.jpg', 'Joker-tgslfmwh', '不详', null, null, null, null, null);
INSERT INTO `user` VALUES ('1444', 'Joker-opgbcfzu', 'opgbcfzu', '1', '0', '普通会员', 'userpic.jpg', 'Joker-vmmgubxi', '不详', null, null, null, null, null);
INSERT INTO `user` VALUES ('1445', 'Joker-zyjeldck', 'zyjeldck', '1', '0', '普通会员', 'userpic.jpg', 'Joker-wbnaxenw', '不详', null, null, null, null, null);
INSERT INTO `user` VALUES ('1446', 'Joker-fazlvvlk', 'fazlvvlk', '1', '0', '普通会员', 'userpic.jpg', 'Joker-gfuliwve', '不详', null, null, null, null, null);
INSERT INTO `user` VALUES ('1447', 'Joker-uzwcrbzx', 'uzwcrbzx', '1', '0', '普通会员', 'userpic.jpg', 'Joker-lpsmwcjk', '不详', null, null, null, null, null);
INSERT INTO `user` VALUES ('1448', 'Joker-prqmgtlm', 'prqmgtlm', '1', '0', '普通会员', 'userpic.jpg', 'Joker-mqhnimnr', '不详', null, null, null, null, null);
INSERT INTO `user` VALUES ('1449', 'Joker-fndbhedt', 'fndbhedt', '1', '0', '普通会员', 'userpic.jpg', 'Joker-nhsslzkh', '不详', null, null, null, null, null);
INSERT INTO `user` VALUES ('1450', 'Joker-caczjrpr', 'caczjrpr', '1', '0', '普通会员', 'userpic.jpg', 'Joker-vfducjvz', '不详', null, null, null, null, null);
INSERT INTO `user` VALUES ('1451', 'Joker-rmlnypfr', 'rmlnypfr', '1', '0', '普通会员', 'userpic.jpg', 'Joker-motwltkd', '不详', null, null, null, null, null);
INSERT INTO `user` VALUES ('1452', 'Joker-kcdepsue', 'kcdepsue', '1', '0', '普通会员', 'userpic.jpg', 'Joker-poeiwfts', '不详', null, null, null, null, null);
INSERT INTO `user` VALUES ('1453', 'Joker-srtrnocv', 'srtrnocv', '1', '0', '普通会员', 'userpic.jpg', 'Joker-piwyqtxu', '不详', null, null, null, null, null);
INSERT INTO `user` VALUES ('1454', 'Joker-nuzkahif', 'nuzkahif', '1', '0', '普通会员', 'userpic.jpg', 'Joker-grnvhuvc', '不详', null, null, null, null, null);
INSERT INTO `user` VALUES ('1455', 'Joker-vgzdxwkf', 'vgzdxwkf', '1', '0', '普通会员', 'userpic.jpg', 'Joker-slbfixzo', '不详', null, null, null, null, null);
INSERT INTO `user` VALUES ('1456', 'Joker-ysquecvi', 'ysquecvi', '1', '0', '普通会员', 'userpic.jpg', 'Joker-yuxmefsf', '不详', null, null, null, null, null);
INSERT INTO `user` VALUES ('1457', 'Joker-jtepqveu', 'jtepqveu', '1', '0', '普通会员', 'userpic.jpg', 'Joker-wpshwuse', '不详', null, null, null, null, null);
INSERT INTO `user` VALUES ('1458', 'Joker-qzvnnzss', 'qzvnnzss', '1', '0', '普通会员', 'userpic.jpg', 'Joker-jzdyidfq', '不详', null, null, null, null, null);
INSERT INTO `user` VALUES ('1459', 'Joker-bxmtpxmk', 'bxmtpxmk', '1', '0', '普通会员', 'userpic.jpg', 'Joker-ctlkooyp', '不详', null, null, null, null, null);
INSERT INTO `user` VALUES ('1460', 'Joker-hljpmqfw', 'hljpmqfw', '1', '0', '普通会员', 'userpic.jpg', 'Joker-vzaoinay', '不详', null, null, null, null, null);
INSERT INTO `user` VALUES ('1461', 'Joker-bjlhqadj', 'bjlhqadj', '1', '0', '普通会员', 'userpic.jpg', 'Joker-xogjuovw', '不详', null, null, null, null, null);
INSERT INTO `user` VALUES ('1462', 'Joker-xlnyvetr', 'xlnyvetr', '1', '0', '普通会员', 'userpic.jpg', 'Joker-rjejwcuy', '不详', null, null, null, null, null);
INSERT INTO `user` VALUES ('1463', 'Joker-gvsvjhfq', 'gvsvjhfq', '1', '0', '普通会员', 'userpic.jpg', 'Joker-shjcscau', '不详', null, null, null, null, null);
INSERT INTO `user` VALUES ('1464', 'Joker-llxeocik', 'llxeocik', '1', '0', '普通会员', 'userpic.jpg', 'Joker-qqaemrsq', '不详', null, null, null, null, null);
INSERT INTO `user` VALUES ('1465', 'Joker-abzvgese', 'abzvgese', '1', '0', '普通会员', 'userpic.jpg', 'Joker-mmrenehd', '不详', null, null, null, null, null);
INSERT INTO `user` VALUES ('1466', 'Joker-czqsnyui', 'czqsnyui', '1', '0', '普通会员', 'userpic.jpg', 'Joker-xrjfxkqq', '不详', null, null, null, null, null);
INSERT INTO `user` VALUES ('1467', 'Joker-jpblcrzy', 'jpblcrzy', '1', '0', '普通会员', 'userpic.jpg', 'Joker-amxkoorw', '不详', null, null, null, null, null);
INSERT INTO `user` VALUES ('1468', 'Joker-rkbzafzb', 'rkbzafzb', '1', '0', '普通会员', 'userpic.jpg', 'Joker-bbwpajst', '不详', null, null, null, null, null);
INSERT INTO `user` VALUES ('1469', 'Joker-hjfowzsv', 'hjfowzsv', '1', '0', '普通会员', 'userpic.jpg', 'Joker-dcuotgzr', '不详', null, null, null, null, null);
INSERT INTO `user` VALUES ('1470', 'Joker-liikjjim', 'liikjjim', '1', '0', '普通会员', 'userpic.jpg', 'Joker-brcfpqia', '不详', null, null, null, null, null);
INSERT INTO `user` VALUES ('1471', 'Joker-wggfbkje', 'wggfbkje', '1', '0', '普通会员', 'userpic.jpg', 'Joker-iulobrpb', '不详', null, null, null, null, null);
INSERT INTO `user` VALUES ('1472', 'Joker-mrnfvqae', 'mrnfvqae', '1', '0', '普通会员', 'userpic.jpg', 'Joker-oucprfjr', '不详', null, null, null, null, null);
INSERT INTO `user` VALUES ('1473', 'Joker-hnpotzyf', 'hnpotzyf', '1', '0', '普通会员', 'userpic.jpg', 'Joker-ighjnafe', '不详', null, null, null, null, null);
INSERT INTO `user` VALUES ('1474', 'Joker-tucegfoh', 'tucegfoh', '1', '0', '普通会员', 'userpic.jpg', 'Joker-jxzskrua', '不详', null, null, null, null, null);
INSERT INTO `user` VALUES ('1475', 'Joker-endkcnim', 'endkcnim', '1', '0', '普通会员', 'userpic.jpg', 'Joker-rufpwbws', '不详', null, null, null, null, null);
INSERT INTO `user` VALUES ('1476', 'Joker-bppwycxc', 'bppwycxc', '1', '0', '普通会员', 'userpic.jpg', 'Joker-ldmoouqe', '不详', null, null, null, null, null);
INSERT INTO `user` VALUES ('1477', 'Joker-sgcecbcx', 'sgcecbcx', '1', '0', '普通会员', 'userpic.jpg', 'Joker-knqnobas', '不详', null, null, null, null, null);
INSERT INTO `user` VALUES ('1478', 'Joker-xguaitay', 'xguaitay', '1', '0', '普通会员', 'userpic.jpg', 'Joker-wgpgdipd', '不详', null, null, null, null, null);
INSERT INTO `user` VALUES ('1479', 'Joker-cvwvzlzl', 'cvwvzlzl', '1', '0', '普通会员', 'userpic.jpg', 'Joker-wgxaednb', '不详', null, null, null, null, null);
INSERT INTO `user` VALUES ('1480', 'Joker-qbqkftus', 'qbqkftus', '1', '0', '普通会员', 'userpic.jpg', 'Joker-sglynbtx', '不详', null, null, null, null, null);
INSERT INTO `user` VALUES ('1481', 'Joker-virukqwx', 'virukqwx', '1', '0', '普通会员', 'userpic.jpg', 'Joker-lhvwvcio', '不详', null, null, null, null, null);
INSERT INTO `user` VALUES ('1482', 'Joker-qdslgrgo', 'qdslgrgo', '1', '0', '普通会员', 'userpic.jpg', 'Joker-rdkmfdwo', '不详', null, null, null, null, null);
INSERT INTO `user` VALUES ('1483', 'Joker-hvkuvhwl', 'hvkuvhwl', '1', '0', '普通会员', 'userpic.jpg', 'Joker-smwjdcgy', '不详', null, null, null, null, null);
INSERT INTO `user` VALUES ('1484', 'Joker-piuyrafz', 'piuyrafz', '1', '0', '普通会员', 'userpic.jpg', 'Joker-zpkaedzk', '不详', null, null, null, null, null);
INSERT INTO `user` VALUES ('1485', 'Joker-hrxbyicz', 'hrxbyicz', '1', '0', '普通会员', 'userpic.jpg', 'Joker-pjrnbqxm', '不详', null, null, null, null, null);
INSERT INTO `user` VALUES ('1486', 'Joker-iyljfvka', 'iyljfvka', '1', '0', '普通会员', 'userpic.jpg', 'Joker-syaukyuh', '不详', null, null, null, null, null);
INSERT INTO `user` VALUES ('1487', 'Joker-losyoqpf', 'losyoqpf', '1', '0', '普通会员', 'userpic.jpg', 'Joker-gzsxanzk', '不详', null, null, null, null, null);
INSERT INTO `user` VALUES ('1488', 'Joker-roxzstnp', 'roxzstnp', '1', '0', '普通会员', 'userpic.jpg', 'Joker-dageqvhn', '不详', null, null, null, null, null);
INSERT INTO `user` VALUES ('1489', 'Joker-abuvwwzg', 'abuvwwzg', '1', '0', '普通会员', 'userpic.jpg', 'Joker-twghgibp', '不详', null, null, null, null, null);
INSERT INTO `user` VALUES ('1490', 'Joker-idjjmecf', 'idjjmecf', '1', '0', '普通会员', 'userpic.jpg', 'Joker-bjbdtqll', '不详', null, null, null, null, null);
INSERT INTO `user` VALUES ('1491', 'Joker-frdzywib', 'frdzywib', '1', '0', '普通会员', 'userpic.jpg', 'Joker-jqhwdagx', '不详', null, null, null, null, null);
INSERT INTO `user` VALUES ('1492', 'Joker-punjpsto', 'punjpsto', '1', '0', '普通会员', 'userpic.jpg', 'Joker-sodefomt', '不详', null, null, null, null, null);
INSERT INTO `user` VALUES ('1493', 'Joker-nnujvdvf', 'nnujvdvf', '1', '0', '普通会员', 'userpic.jpg', 'Joker-dozsjcdt', '不详', null, null, null, null, null);
INSERT INTO `user` VALUES ('1494', 'Joker-soxwhvzo', 'soxwhvzo', '1', '0', '普通会员', 'userpic.jpg', 'Joker-ilwmjxbo', '不详', null, null, null, null, null);
INSERT INTO `user` VALUES ('1495', 'Joker-jzwztnmm', 'jzwztnmm', '1', '0', '普通会员', 'userpic.jpg', 'Joker-nrevukdv', '不详', null, null, null, null, null);
INSERT INTO `user` VALUES ('1496', 'Joker-whbxqhvj', 'whbxqhvj', '1', '0', '普通会员', 'userpic.jpg', 'Joker-ufwkucic', '不详', null, null, null, null, null);
INSERT INTO `user` VALUES ('1497', 'Joker-aslrtbon', 'aslrtbon', '1', '0', '普通会员', 'userpic.jpg', 'Joker-qkgpvhtp', '不详', null, null, null, null, null);
INSERT INTO `user` VALUES ('1498', 'Joker-peyjgzve', 'peyjgzve', '1', '0', '普通会员', 'userpic.jpg', 'Joker-tjtjkuen', '不详', null, null, null, null, null);
INSERT INTO `user` VALUES ('1499', 'Joker-pdtyamks', 'pdtyamks', '1', '0', '普通会员', 'userpic.jpg', 'Joker-oifjxrol', '不详', null, null, null, null, null);
INSERT INTO `user` VALUES ('1500', 'Joker-ivyozxak', 'ivyozxak', '1', '0', '普通会员', 'userpic.jpg', 'Joker-cpljwxpz', '不详', null, null, null, null, null);
INSERT INTO `user` VALUES ('1501', 'Joker-qxlqyzwh', 'qxlqyzwh', '1', '0', '普通会员', 'userpic.jpg', 'Joker-saracssh', '不详', null, null, null, null, null);
INSERT INTO `user` VALUES ('1502', 'Joker-iilalzut', 'iilalzut', '1', '0', '普通会员', 'userpic.jpg', 'Joker-gkdxxxkx', '不详', null, null, null, null, null);
INSERT INTO `user` VALUES ('1503', 'Joker-bhxehwac', 'bhxehwac', '1', '0', '普通会员', 'userpic.jpg', 'Joker-ufshnlxp', '不详', null, null, null, null, null);
INSERT INTO `user` VALUES ('1504', 'Joker-snxhiuvx', 'snxhiuvx', '1', '0', '普通会员', 'userpic.jpg', 'Joker-kmoroovk', '不详', null, null, null, null, null);
INSERT INTO `user` VALUES ('1505', 'Joker-ljrzkeqh', 'ljrzkeqh', '1', '0', '普通会员', 'userpic.jpg', 'Joker-rdjtqhjp', '不详', null, null, null, null, null);
INSERT INTO `user` VALUES ('1506', 'Joker-fjtxfoyx', 'fjtxfoyx', '1', '0', '普通会员', 'userpic.jpg', 'Joker-qkuscnkh', '不详', null, null, null, null, null);
INSERT INTO `user` VALUES ('1507', 'Joker-lzphyucj', 'lzphyucj', '1', '0', '普通会员', 'userpic.jpg', 'Joker-gzhoyiea', '不详', null, null, null, null, null);
INSERT INTO `user` VALUES ('1508', 'Joker-jxlghcgs', 'jxlghcgs', '1', '0', '普通会员', 'userpic.jpg', 'Joker-tfzzohry', '不详', null, null, null, null, null);
INSERT INTO `user` VALUES ('1509', 'Joker-thvneofp', 'thvneofp', '1', '0', '普通会员', 'userpic.jpg', 'Joker-kgqthcbt', '不详', null, null, null, null, null);
INSERT INTO `user` VALUES ('1510', 'Joker-tnetvcnv', 'tnetvcnv', '1', '0', '普通会员', 'userpic.jpg', 'Joker-tdpikwjw', '不详', null, null, null, null, null);
INSERT INTO `user` VALUES ('1511', 'Joker-xrcvzrea', 'xrcvzrea', '1', '0', '普通会员', 'userpic.jpg', 'Joker-ajlrybcc', '不详', null, null, null, null, null);
INSERT INTO `user` VALUES ('1512', 'Joker-vxscdkgg', 'vxscdkgg', '1', '0', '普通会员', 'userpic.jpg', 'Joker-plsflzxf', '不详', null, null, null, null, null);
INSERT INTO `user` VALUES ('1513', 'Joker-ombqfatq', 'ombqfatq', '1', '0', '普通会员', 'userpic.jpg', 'Joker-gsxpoqdu', '不详', null, null, null, null, null);
INSERT INTO `user` VALUES ('1514', 'Joker-bnyfpuri', 'bnyfpuri', '1', '0', '普通会员', 'userpic.jpg', 'Joker-agyipzhm', '不详', null, null, null, null, null);
INSERT INTO `user` VALUES ('1515', 'Joker-qycvzvrk', 'qycvzvrk', '1', '0', '普通会员', 'userpic.jpg', 'Joker-fllwplxh', '不详', null, null, null, null, null);
INSERT INTO `user` VALUES ('1516', 'Joker-fasiagpv', 'fasiagpv', '1', '0', '普通会员', 'userpic.jpg', 'Joker-ebwljthk', '不详', null, null, null, null, null);
INSERT INTO `user` VALUES ('1517', 'Joker-zbiftoee', 'zbiftoee', '1', '0', '普通会员', 'userpic.jpg', 'Joker-wisruekx', '不详', null, null, null, null, null);
INSERT INTO `user` VALUES ('1518', 'Joker-hyvfcrdo', 'hyvfcrdo', '1', '0', '普通会员', 'userpic.jpg', 'Joker-tpmfdqcs', '不详', null, null, null, null, null);
INSERT INTO `user` VALUES ('1519', 'Joker-yrbhewip', 'yrbhewip', '1', '0', '普通会员', 'userpic.jpg', 'Joker-ahmepvsw', '不详', null, null, null, null, null);
INSERT INTO `user` VALUES ('1520', 'Joker-ufrlmxrp', 'ufrlmxrp', '1', '0', '普通会员', 'userpic.jpg', 'Joker-simvkvny', '不详', null, null, null, null, null);
INSERT INTO `user` VALUES ('1521', 'Joker-xceshceh', 'xceshceh', '1', '0', '普通会员', 'userpic.jpg', 'Joker-gdlncnrs', '不详', null, null, null, null, null);
INSERT INTO `user` VALUES ('1522', 'Joker-wyxbdzsi', 'wyxbdzsi', '1', '0', '普通会员', 'userpic.jpg', 'Joker-aecasocq', '不详', null, null, null, null, null);
INSERT INTO `user` VALUES ('1523', 'Joker-fcvocddv', 'fcvocddv', '1', '0', '普通会员', 'userpic.jpg', 'Joker-pwzmgosk', '不详', null, null, null, null, null);
INSERT INTO `user` VALUES ('1524', 'Joker-jgjvquwk', 'jgjvquwk', '1', '0', '普通会员', 'userpic.jpg', 'Joker-srbcrnof', '不详', null, null, null, null, null);
INSERT INTO `user` VALUES ('1525', 'Joker-ojezseio', 'ojezseio', '1', '0', '普通会员', 'userpic.jpg', 'Joker-lriwggjv', '不详', null, null, null, null, null);
INSERT INTO `user` VALUES ('1526', 'Joker-zufbkbpk', 'zufbkbpk', '1', '0', '普通会员', 'userpic.jpg', 'Joker-gvymwmlb', '不详', null, null, null, null, null);
INSERT INTO `user` VALUES ('1527', 'Joker-lmqfaxcu', 'lmqfaxcu', '1', '0', '普通会员', 'userpic.jpg', 'Joker-aiftnxtk', '不详', null, null, null, null, null);
INSERT INTO `user` VALUES ('1528', 'Joker-wlfrxbsk', 'wlfrxbsk', '1', '0', '普通会员', 'userpic.jpg', 'Joker-gdvlyhjb', '不详', null, null, null, null, null);
INSERT INTO `user` VALUES ('1529', 'Joker-dqdfdwvn', 'dqdfdwvn', '1', '0', '普通会员', 'userpic.jpg', 'Joker-jjcztpgd', '不详', null, null, null, null, null);
INSERT INTO `user` VALUES ('1530', 'Joker-xyiytrev', 'xyiytrev', '1', '0', '普通会员', 'userpic.jpg', 'Joker-ylsqfazv', '不详', null, null, null, null, null);
INSERT INTO `user` VALUES ('1531', 'Joker-exnpvyio', 'exnpvyio', '1', '0', '普通会员', 'userpic.jpg', 'Joker-qyhhbsjy', '不详', null, null, null, null, null);
INSERT INTO `user` VALUES ('1532', 'Joker-uodlozlb', 'uodlozlb', '1', '0', '普通会员', 'userpic.jpg', 'Joker-okpphpjp', '不详', null, null, null, null, null);
INSERT INTO `user` VALUES ('1533', 'Joker-vnirllqh', 'vnirllqh', '1', '0', '普通会员', 'userpic.jpg', 'Joker-vqjnpvpr', '不详', null, null, null, null, null);
INSERT INTO `user` VALUES ('1534', 'Joker-rvdlpdde', 'rvdlpdde', '1', '0', '普通会员', 'userpic.jpg', 'Joker-qhfefmpi', '不详', null, null, null, null, null);
INSERT INTO `user` VALUES ('1535', 'Joker-ndaeuvcz', 'ndaeuvcz', '1', '0', '普通会员', 'userpic.jpg', 'Joker-oglnnivn', '不详', null, null, null, null, null);
INSERT INTO `user` VALUES ('1536', 'Joker-foczctyj', 'foczctyj', '1', '0', '普通会员', 'userpic.jpg', 'Joker-bpzhiswf', '不详', null, null, null, null, null);
INSERT INTO `user` VALUES ('1537', 'Joker-jbqcozku', 'jbqcozku', '1', '0', '普通会员', 'userpic.jpg', 'Joker-fbahdovx', '不详', null, null, null, null, null);
INSERT INTO `user` VALUES ('1538', 'Joker-jxfzlkog', 'jxfzlkog', '1', '0', '普通会员', 'userpic.jpg', 'Joker-irkbyowa', '不详', null, null, null, null, null);
INSERT INTO `user` VALUES ('1539', 'Joker-sethrrve', 'sethrrve', '1', '0', '普通会员', 'userpic.jpg', 'Joker-supthznb', '不详', null, null, null, null, null);
INSERT INTO `user` VALUES ('1540', 'Joker-ldkbailu', 'ldkbailu', '1', '0', '普通会员', 'userpic.jpg', 'Joker-gkyuxnyd', '不详', null, null, null, null, null);
INSERT INTO `user` VALUES ('1541', 'Joker-xehpbiwr', 'xehpbiwr', '1', '0', '普通会员', 'userpic.jpg', 'Joker-mfbogshp', '不详', null, null, null, null, null);
INSERT INTO `user` VALUES ('1542', 'Joker-dtlnmbyl', 'dtlnmbyl', '1', '0', '普通会员', 'userpic.jpg', 'Joker-bhdhxtkx', '不详', null, null, null, null, null);
INSERT INTO `user` VALUES ('1543', 'Joker-etvooaup', 'etvooaup', '1', '0', '普通会员', 'userpic.jpg', 'Joker-uamuwhgo', '不详', null, null, null, null, null);
INSERT INTO `user` VALUES ('1544', 'Joker-adkcemsu', 'adkcemsu', '1', '0', '普通会员', 'userpic.jpg', 'Joker-uwtwesty', '不详', null, null, null, null, null);
INSERT INTO `user` VALUES ('1545', 'Joker-ghsvlmsz', 'ghsvlmsz', '1', '0', '普通会员', 'userpic.jpg', 'Joker-zqlonsme', '不详', null, null, null, null, null);
INSERT INTO `user` VALUES ('1546', 'Joker-cdchzyho', 'cdchzyho', '1', '0', '普通会员', 'userpic.jpg', 'Joker-umvhztzm', '不详', null, null, null, null, null);
INSERT INTO `user` VALUES ('1547', 'Joker-nhdiihfi', 'nhdiihfi', '1', '0', '普通会员', 'userpic.jpg', 'Joker-isppsodi', '不详', null, null, null, null, null);
INSERT INTO `user` VALUES ('1548', 'Joker-eeiyukqk', 'eeiyukqk', '1', '0', '普通会员', 'userpic.jpg', 'Joker-tylohwpo', '不详', null, null, null, null, null);
INSERT INTO `user` VALUES ('1549', 'Joker-oabjqork', 'oabjqork', '1', '0', '普通会员', 'userpic.jpg', 'Joker-qsvacjbs', '不详', null, null, null, null, null);
INSERT INTO `user` VALUES ('1550', 'Joker-ovsylsxr', 'ovsylsxr', '1', '0', '普通会员', 'userpic.jpg', 'Joker-uwkcpguq', '不详', null, null, null, null, null);
INSERT INTO `user` VALUES ('1551', 'Joker-iumesnma', 'iumesnma', '1', '0', '普通会员', 'userpic.jpg', 'Joker-ausmrmls', '不详', null, null, null, null, null);
INSERT INTO `user` VALUES ('1552', 'Joker-zxxizurq', 'zxxizurq', '1', '0', '普通会员', 'userpic.jpg', 'Joker-bhrhqtfm', '不详', null, null, null, null, null);
INSERT INTO `user` VALUES ('1553', 'Joker-xlvlswkr', 'xlvlswkr', '1', '0', '普通会员', 'userpic.jpg', 'Joker-nxerkgrf', '不详', null, null, null, null, null);
INSERT INTO `user` VALUES ('1554', 'Joker-hlwkggpn', 'hlwkggpn', '1', '0', '普通会员', 'userpic.jpg', 'Joker-zmlglbsj', '不详', null, null, null, null, null);
INSERT INTO `user` VALUES ('1555', 'Joker-rgsgjxgd', 'rgsgjxgd', '1', '0', '普通会员', 'userpic.jpg', 'Joker-ofkflhxg', '不详', null, null, null, null, null);
INSERT INTO `user` VALUES ('1556', 'Joker-rqbapljt', 'rqbapljt', '1', '0', '普通会员', 'userpic.jpg', 'Joker-xwcwrtfg', '不详', null, null, null, null, null);
INSERT INTO `user` VALUES ('1557', 'Joker-dgwtpxwj', 'dgwtpxwj', '1', '0', '普通会员', 'userpic.jpg', 'Joker-ovtvnlbq', '不详', null, null, null, null, null);
INSERT INTO `user` VALUES ('1558', 'Joker-phietiwv', 'phietiwv', '1', '0', '普通会员', 'userpic.jpg', 'Joker-wwocclxz', '不详', null, null, null, null, null);
INSERT INTO `user` VALUES ('1559', 'Joker-vfelglai', 'vfelglai', '1', '0', '普通会员', 'userpic.jpg', 'Joker-jwrrmomw', '不详', null, null, null, null, null);
INSERT INTO `user` VALUES ('1560', 'Joker-srztsgaa', 'srztsgaa', '1', '0', '普通会员', 'userpic.jpg', 'Joker-laptofaf', '不详', null, null, null, null, null);
INSERT INTO `user` VALUES ('1561', 'Joker-tnlvbrbn', 'tnlvbrbn', '1', '0', '普通会员', 'userpic.jpg', 'Joker-rrgzxpat', '不详', null, null, null, null, null);
INSERT INTO `user` VALUES ('1562', 'Joker-qtklfqma', 'qtklfqma', '1', '0', '普通会员', 'userpic.jpg', 'Joker-czrrfnxa', '不详', null, null, null, null, null);
INSERT INTO `user` VALUES ('1563', 'Joker-glvejqjt', 'glvejqjt', '1', '0', '普通会员', 'userpic.jpg', 'Joker-wjxjsctc', '不详', null, null, null, null, null);
INSERT INTO `user` VALUES ('1564', 'Joker-msrnkoqm', 'msrnkoqm', '1', '0', '普通会员', 'userpic.jpg', 'Joker-hkupxwtf', '不详', null, null, null, null, null);
INSERT INTO `user` VALUES ('1565', 'Joker-dmcxdemj', 'dmcxdemj', '1', '0', '普通会员', 'userpic.jpg', 'Joker-npckdcvj', '不详', null, null, null, null, null);
INSERT INTO `user` VALUES ('1566', 'Joker-lfuoesak', 'lfuoesak', '1', '0', '普通会员', 'userpic.jpg', 'Joker-pxtvhxdy', '不详', null, null, null, null, null);
INSERT INTO `user` VALUES ('1567', 'Joker-fnprixwm', 'fnprixwm', '1', '0', '普通会员', 'userpic.jpg', 'Joker-mrhwnzis', '不详', null, null, null, null, null);
INSERT INTO `user` VALUES ('1568', 'Joker-dmilsbxj', 'dmilsbxj', '1', '0', '普通会员', 'userpic.jpg', 'Joker-ybzanqwi', '不详', null, null, null, null, null);
INSERT INTO `user` VALUES ('1569', 'Joker-owsflvno', 'owsflvno', '1', '0', '普通会员', 'userpic.jpg', 'Joker-llugbdje', '不详', null, null, null, null, null);
INSERT INTO `user` VALUES ('1570', 'Joker-dezevxtz', 'dezevxtz', '1', '0', '普通会员', 'userpic.jpg', 'Joker-mbgawufe', '不详', null, null, null, null, null);
INSERT INTO `user` VALUES ('1571', 'Joker-hwhavxxd', 'hwhavxxd', '1', '0', '普通会员', 'userpic.jpg', 'Joker-hyekvugy', '不详', null, null, null, null, null);
INSERT INTO `user` VALUES ('1572', 'Joker-hzzylrdd', 'hzzylrdd', '1', '0', '普通会员', 'userpic.jpg', 'Joker-kztojezo', '不详', null, null, null, null, null);
INSERT INTO `user` VALUES ('1573', 'Joker-bxigzdpy', 'bxigzdpy', '1', '0', '普通会员', 'userpic.jpg', 'Joker-nvexvxpk', '不详', null, null, null, null, null);
INSERT INTO `user` VALUES ('1574', 'Joker-wmyjdhia', 'wmyjdhia', '1', '0', '普通会员', 'userpic.jpg', 'Joker-qdvjsath', '不详', null, null, null, null, null);
INSERT INTO `user` VALUES ('1575', 'Joker-vhpgxyoa', 'vhpgxyoa', '1', '0', '普通会员', 'userpic.jpg', 'Joker-zrakikde', '不详', null, null, null, null, null);
INSERT INTO `user` VALUES ('1576', 'Joker-kegyrfym', 'kegyrfym', '1', '0', '普通会员', 'userpic.jpg', 'Joker-xpmwujrv', '不详', null, null, null, null, null);
INSERT INTO `user` VALUES ('1577', 'Joker-srxxnbla', 'srxxnbla', '1', '0', '普通会员', 'userpic.jpg', 'Joker-reckfdex', '不详', null, null, null, null, null);
INSERT INTO `user` VALUES ('1578', 'Joker-mgwxuhio', 'mgwxuhio', '1', '0', '普通会员', 'userpic.jpg', 'Joker-bicnidzr', '不详', null, null, null, null, null);
INSERT INTO `user` VALUES ('1579', 'Joker-oufnidnw', 'oufnidnw', '1', '0', '普通会员', 'userpic.jpg', 'Joker-ntzptywv', '不详', null, null, null, null, null);
INSERT INTO `user` VALUES ('1580', 'Joker-zfbwaedv', 'zfbwaedv', '1', '0', '普通会员', 'userpic.jpg', 'Joker-ysuwyqst', '不详', null, null, null, null, null);
INSERT INTO `user` VALUES ('1581', 'Joker-eieuobim', 'eieuobim', '1', '0', '普通会员', 'userpic.jpg', 'Joker-iivcfwip', '不详', null, null, null, null, null);
INSERT INTO `user` VALUES ('1582', 'Joker-hshfvpti', 'hshfvpti', '1', '0', '普通会员', 'userpic.jpg', 'Joker-gtoflkwh', '不详', null, null, null, null, null);
INSERT INTO `user` VALUES ('1583', 'Joker-vocmoftf', 'vocmoftf', '1', '0', '普通会员', 'userpic.jpg', 'Joker-epsyjixr', '不详', null, null, null, null, null);
INSERT INTO `user` VALUES ('1584', 'Joker-smadjebg', 'smadjebg', '1', '0', '普通会员', 'userpic.jpg', 'Joker-rucovntq', '不详', null, null, null, null, null);
INSERT INTO `user` VALUES ('1585', 'Joker-hpqmxgnz', 'hpqmxgnz', '1', '0', '普通会员', 'userpic.jpg', 'Joker-rgkeyivi', '不详', null, null, null, null, null);
INSERT INTO `user` VALUES ('1586', 'Joker-seqdxsgu', 'seqdxsgu', '1', '0', '普通会员', 'userpic.jpg', 'Joker-qtujsexy', '不详', null, null, null, null, null);
INSERT INTO `user` VALUES ('1587', 'Joker-zsrkwpyf', 'zsrkwpyf', '1', '0', '普通会员', 'userpic.jpg', 'Joker-czshvnrq', '不详', null, null, null, null, null);
INSERT INTO `user` VALUES ('1588', 'Joker-cwzysniu', 'cwzysniu', '1', '0', '普通会员', 'userpic.jpg', 'Joker-ymbflqxw', '不详', null, null, null, null, null);
INSERT INTO `user` VALUES ('1589', 'Joker-rksrwfcp', 'rksrwfcp', '1', '0', '普通会员', 'userpic.jpg', 'Joker-tolxkbuf', '不详', null, null, null, null, null);
INSERT INTO `user` VALUES ('1590', 'Joker-kdypiwie', 'kdypiwie', '1', '0', '普通会员', 'userpic.jpg', 'Joker-rlcmkplp', '不详', null, null, null, null, null);
INSERT INTO `user` VALUES ('1591', 'Joker-bacdangq', 'bacdangq', '1', '0', '普通会员', 'userpic.jpg', 'Joker-roywrqes', '不详', null, null, null, null, null);
INSERT INTO `user` VALUES ('1592', 'Joker-mhsxhrny', 'mhsxhrny', '1', '0', '普通会员', 'userpic.jpg', 'Joker-pvlvynqa', '不详', null, null, null, null, null);
INSERT INTO `user` VALUES ('1593', 'Joker-ghpjdmco', 'ghpjdmco', '1', '0', '普通会员', 'userpic.jpg', 'Joker-mmtkqfdi', '不详', null, null, null, null, null);
INSERT INTO `user` VALUES ('1594', 'Joker-fvraxmwn', 'fvraxmwn', '1', '0', '普通会员', 'userpic.jpg', 'Joker-mncsgazv', '不详', null, null, null, null, null);
INSERT INTO `user` VALUES ('1595', 'Joker-btchonat', 'btchonat', '1', '0', '普通会员', 'userpic.jpg', 'Joker-whaqdaqo', '不详', null, null, null, null, null);
INSERT INTO `user` VALUES ('1596', 'Joker-hszlvarw', 'hszlvarw', '1', '0', '普通会员', 'userpic.jpg', 'Joker-tdaapxbg', '不详', null, null, null, null, null);
INSERT INTO `user` VALUES ('1597', 'Joker-zrhxhntg', 'zrhxhntg', '1', '0', '普通会员', 'userpic.jpg', 'Joker-urhbyrvt', '不详', null, null, null, null, null);
INSERT INTO `user` VALUES ('1598', 'Joker-nwvnziws', 'nwvnziws', '1', '0', '普通会员', 'userpic.jpg', 'Joker-msazuzeu', '不详', null, null, null, null, null);
INSERT INTO `user` VALUES ('1599', 'Joker-drflurzm', 'drflurzm', '1', '0', '普通会员', 'userpic.jpg', 'Joker-mhalvokx', '不详', null, null, null, null, null);
INSERT INTO `user` VALUES ('1600', 'Joker-kwzfqvmt', 'kwzfqvmt', '1', '0', '普通会员', 'userpic.jpg', 'Joker-strywbys', '不详', null, null, null, null, null);
INSERT INTO `user` VALUES ('1601', 'Joker-xmssgvoi', 'xmssgvoi', '1', '0', '普通会员', 'userpic.jpg', 'Joker-aiwbkrao', '不详', null, null, null, null, null);
INSERT INTO `user` VALUES ('1602', 'Joker-eygpqcxd', 'eygpqcxd', '1', '0', '普通会员', 'userpic.jpg', 'Joker-messcztb', '不详', null, null, null, null, null);
INSERT INTO `user` VALUES ('1603', 'Joker-hodeseax', 'hodeseax', '1', '0', '普通会员', 'userpic.jpg', 'Joker-zwfrkbqs', '不详', null, null, null, null, null);
INSERT INTO `user` VALUES ('1604', 'Joker-txuyfyyf', 'txuyfyyf', '1', '0', '普通会员', 'userpic.jpg', 'Joker-ttwkhaqy', '不详', null, null, null, null, null);
INSERT INTO `user` VALUES ('1605', 'Joker-ggjjrjqt', 'ggjjrjqt', '1', '0', '普通会员', 'userpic.jpg', 'Joker-ozvyogvv', '不详', null, null, null, null, null);
INSERT INTO `user` VALUES ('1606', 'Joker-ohvghcha', 'ohvghcha', '1', '0', '普通会员', 'userpic.jpg', 'Joker-yuqahzji', '不详', null, null, null, null, null);
INSERT INTO `user` VALUES ('1607', 'Joker-vqkbumcs', 'vqkbumcs', '1', '0', '普通会员', 'userpic.jpg', 'Joker-deltxyzu', '不详', null, null, null, null, null);
INSERT INTO `user` VALUES ('1608', 'Joker-glgosulz', 'glgosulz', '1', '0', '普通会员', 'userpic.jpg', 'Joker-chpbwabk', '不详', null, null, null, null, null);
INSERT INTO `user` VALUES ('1609', 'Joker-vkpjxlzu', 'vkpjxlzu', '1', '0', '普通会员', 'userpic.jpg', 'Joker-pwtnmtok', '不详', null, null, null, null, null);
INSERT INTO `user` VALUES ('1610', 'Joker-okkxbsud', 'okkxbsud', '1', '0', '普通会员', 'userpic.jpg', 'Joker-lqgnryzd', '不详', null, null, null, null, null);
INSERT INTO `user` VALUES ('1611', 'Joker-uycewyxm', 'uycewyxm', '1', '0', '普通会员', 'userpic.jpg', 'Joker-ogmzsngc', '不详', null, null, null, null, null);
INSERT INTO `user` VALUES ('1612', 'Joker-bkfplshe', 'bkfplshe', '1', '0', '普通会员', 'userpic.jpg', 'Joker-vviquzzd', '不详', null, null, null, null, null);
INSERT INTO `user` VALUES ('1613', 'Joker-okbyiril', 'okbyiril', '1', '0', '普通会员', 'userpic.jpg', 'Joker-dhwvjdws', '不详', null, null, null, null, null);
INSERT INTO `user` VALUES ('1614', 'Joker-nvoseqpe', 'nvoseqpe', '1', '0', '普通会员', 'userpic.jpg', 'Joker-jwmqfjpt', '不详', null, null, null, null, null);
INSERT INTO `user` VALUES ('1615', 'Joker-hchsilxp', 'hchsilxp', '1', '0', '普通会员', 'userpic.jpg', 'Joker-zjxdibya', '不详', null, null, null, null, null);
INSERT INTO `user` VALUES ('1616', 'Joker-zeuzjbbg', 'zeuzjbbg', '1', '0', '普通会员', 'userpic.jpg', 'Joker-pmvqbdws', '不详', null, null, null, null, null);
INSERT INTO `user` VALUES ('1617', 'Joker-oyakxqwo', 'oyakxqwo', '1', '0', '普通会员', 'userpic.jpg', 'Joker-ocvtvzuy', '不详', null, null, null, null, null);
INSERT INTO `user` VALUES ('1618', 'Joker-euvpugff', 'euvpugff', '1', '0', '普通会员', 'userpic.jpg', 'Joker-cwmrkuis', '不详', null, null, null, null, null);
INSERT INTO `user` VALUES ('1619', 'Joker-vrdmuecz', 'vrdmuecz', '1', '0', '普通会员', 'userpic.jpg', 'Joker-zvpardbt', '不详', null, null, null, null, null);
INSERT INTO `user` VALUES ('1620', 'Joker-kimuzpfy', 'kimuzpfy', '1', '0', '普通会员', 'userpic.jpg', 'Joker-abaqlrim', '不详', null, null, null, null, null);
INSERT INTO `user` VALUES ('1621', 'Joker-nlswwzyr', 'nlswwzyr', '1', '0', '普通会员', 'userpic.jpg', 'Joker-offrqkru', '不详', null, null, null, null, null);
INSERT INTO `user` VALUES ('1622', 'Joker-uutjvfjk', 'uutjvfjk', '1', '0', '普通会员', 'userpic.jpg', 'Joker-neprxmsy', '不详', null, null, null, null, null);
INSERT INTO `user` VALUES ('1623', 'Joker-akkpnzjh', 'akkpnzjh', '1', '0', '普通会员', 'userpic.jpg', 'Joker-klyvjasl', '不详', null, null, null, null, null);
INSERT INTO `user` VALUES ('1624', 'Joker-ildjnegu', 'ildjnegu', '1', '0', '普通会员', 'userpic.jpg', 'Joker-yatdcwpu', '不详', null, null, null, null, null);
INSERT INTO `user` VALUES ('1625', 'Joker-irmpzcfw', 'irmpzcfw', '1', '0', '普通会员', 'userpic.jpg', 'Joker-ywdlrkbn', '不详', null, null, null, null, null);
INSERT INTO `user` VALUES ('1626', 'Joker-zzrnbhfq', 'zzrnbhfq', '1', '0', '普通会员', 'userpic.jpg', 'Joker-lthitvnx', '不详', null, null, null, null, null);
INSERT INTO `user` VALUES ('1627', 'Joker-ylvlpkes', 'ylvlpkes', '1', '0', '普通会员', 'userpic.jpg', 'Joker-swxytuig', '不详', null, null, null, null, null);
INSERT INTO `user` VALUES ('1628', 'Joker-pgwlwmdb', 'pgwlwmdb', '1', '0', '普通会员', 'userpic.jpg', 'Joker-sofsyheq', '不详', null, null, null, null, null);
INSERT INTO `user` VALUES ('1629', 'Joker-uxakvoiw', 'uxakvoiw', '1', '0', '普通会员', 'userpic.jpg', 'Joker-igbtnosg', '不详', null, null, null, null, null);
INSERT INTO `user` VALUES ('1630', 'Joker-xkotgjhq', 'xkotgjhq', '1', '0', '普通会员', 'userpic.jpg', 'Joker-qnrismbc', '不详', null, null, null, null, null);
INSERT INTO `user` VALUES ('1631', 'Joker-igjkrkod', 'igjkrkod', '1', '0', '普通会员', 'userpic.jpg', 'Joker-uzdkxlek', '不详', null, null, null, null, null);
INSERT INTO `user` VALUES ('1632', 'Joker-xzspgose', 'xzspgose', '1', '0', '普通会员', 'userpic.jpg', 'Joker-onblzvqa', '不详', null, null, null, null, null);
INSERT INTO `user` VALUES ('1633', 'Joker-hjcxnaor', 'hjcxnaor', '1', '0', '普通会员', 'userpic.jpg', 'Joker-csipqxbl', '不详', null, null, null, null, null);
INSERT INTO `user` VALUES ('1634', 'Joker-dulsoetm', 'dulsoetm', '1', '0', '普通会员', 'userpic.jpg', 'Joker-lxtogpss', '不详', null, null, null, null, null);
INSERT INTO `user` VALUES ('1635', 'Joker-shtjlsqd', 'shtjlsqd', '1', '0', '普通会员', 'userpic.jpg', 'Joker-dtilusfh', '不详', null, null, null, null, null);
INSERT INTO `user` VALUES ('1636', 'Joker-tvfmeknh', 'tvfmeknh', '1', '0', '普通会员', 'userpic.jpg', 'Joker-elrhmhdd', '不详', null, null, null, null, null);
INSERT INTO `user` VALUES ('1637', 'Joker-fsuquphr', 'fsuquphr', '1', '0', '普通会员', 'userpic.jpg', 'Joker-ukufefta', '不详', null, null, null, null, null);
INSERT INTO `user` VALUES ('1638', 'Joker-xvlvzmew', 'xvlvzmew', '1', '0', '普通会员', 'userpic.jpg', 'Joker-ozwovhas', '不详', null, null, null, null, null);
INSERT INTO `user` VALUES ('1639', 'Joker-xkrlcnpu', 'xkrlcnpu', '1', '0', '普通会员', 'userpic.jpg', 'Joker-xzggmevj', '不详', null, null, null, null, null);
INSERT INTO `user` VALUES ('1640', 'Joker-uxouzvji', 'uxouzvji', '1', '0', '普通会员', 'userpic.jpg', 'Joker-sidkzysr', '不详', null, null, null, null, null);
INSERT INTO `user` VALUES ('1641', 'Joker-eucyakko', 'eucyakko', '1', '0', '普通会员', 'userpic.jpg', 'Joker-ocbvxefl', '不详', null, null, null, null, null);
INSERT INTO `user` VALUES ('1642', 'Joker-tpohsvar', 'tpohsvar', '1', '0', '普通会员', 'userpic.jpg', 'Joker-nqzhlkep', '不详', null, null, null, null, null);
INSERT INTO `user` VALUES ('1643', 'Joker-rlmkliqw', 'rlmkliqw', '1', '0', '普通会员', 'userpic.jpg', 'Joker-ividrdxa', '不详', null, null, null, null, null);
INSERT INTO `user` VALUES ('1644', 'Joker-febxgzyb', 'febxgzyb', '1', '0', '普通会员', 'userpic.jpg', 'Joker-rzmqphnf', '不详', null, null, null, null, null);
INSERT INTO `user` VALUES ('1645', 'Joker-ksrcogwz', 'ksrcogwz', '1', '0', '普通会员', 'userpic.jpg', 'Joker-dmrrnjfh', '不详', null, null, null, null, null);
INSERT INTO `user` VALUES ('1646', 'Joker-inqugwxr', 'inqugwxr', '1', '0', '普通会员', 'userpic.jpg', 'Joker-cxuvbsgk', '不详', null, null, null, null, null);
INSERT INTO `user` VALUES ('1647', 'Joker-iqfbbnow', 'iqfbbnow', '1', '0', '普通会员', 'userpic.jpg', 'Joker-fiokuvjd', '不详', null, null, null, null, null);
INSERT INTO `user` VALUES ('1648', 'Joker-wobooqds', 'wobooqds', '1', '0', '普通会员', 'userpic.jpg', 'Joker-uqnmyouq', '不详', null, null, null, null, null);
INSERT INTO `user` VALUES ('1649', 'Joker-bdvxyoag', 'bdvxyoag', '1', '0', '普通会员', 'userpic.jpg', 'Joker-tdirtpiq', '不详', null, null, null, null, null);
INSERT INTO `user` VALUES ('1650', 'Joker-aebzkpyu', 'aebzkpyu', '1', '0', '普通会员', 'userpic.jpg', 'Joker-qnzatkpb', '不详', null, null, null, null, null);
INSERT INTO `user` VALUES ('1651', 'Joker-gyxyggtg', 'gyxyggtg', '1', '0', '普通会员', 'userpic.jpg', 'Joker-freabotr', '不详', null, null, null, null, null);
INSERT INTO `user` VALUES ('1652', 'Joker-mffqmncm', 'mffqmncm', '1', '0', '普通会员', 'userpic.jpg', 'Joker-joxneenh', '不详', null, null, null, null, null);
INSERT INTO `user` VALUES ('1653', 'Joker-ezftlkly', 'ezftlkly', '1', '0', '普通会员', 'userpic.jpg', 'Joker-trtgzxcm', '不详', null, null, null, null, null);
INSERT INTO `user` VALUES ('1654', 'Joker-pgzpnqjf', 'pgzpnqjf', '1', '0', '普通会员', 'userpic.jpg', 'Joker-octqywhw', '不详', null, null, null, null, null);
INSERT INTO `user` VALUES ('1655', 'Joker-yqgxbdkt', 'yqgxbdkt', '1', '0', '普通会员', 'userpic.jpg', 'Joker-hjqoqlge', '不详', null, null, null, null, null);
INSERT INTO `user` VALUES ('1656', 'Joker-gbvpkeid', 'gbvpkeid', '1', '0', '普通会员', 'userpic.jpg', 'Joker-ydhymrwx', '不详', null, null, null, null, null);
INSERT INTO `user` VALUES ('1657', 'Joker-bcaxmjdn', 'bcaxmjdn', '1', '0', '普通会员', 'userpic.jpg', 'Joker-iaomgipv', '不详', null, null, null, null, null);
INSERT INTO `user` VALUES ('1658', 'Joker-qbyrifmz', 'qbyrifmz', '1', '0', '普通会员', 'userpic.jpg', 'Joker-skhbdsbf', '不详', null, null, null, null, null);
INSERT INTO `user` VALUES ('1659', 'Joker-uxluevbf', 'uxluevbf', '1', '0', '普通会员', 'userpic.jpg', 'Joker-ywvyhnlc', '不详', null, null, null, null, null);
INSERT INTO `user` VALUES ('1660', 'Joker-bdtwiuzq', 'bdtwiuzq', '1', '0', '普通会员', 'userpic.jpg', 'Joker-tqffqyyt', '不详', null, null, null, null, null);
INSERT INTO `user` VALUES ('1661', 'Joker-qpiapzeb', 'qpiapzeb', '1', '0', '普通会员', 'userpic.jpg', 'Joker-hmcfxkxy', '不详', null, null, null, null, null);
INSERT INTO `user` VALUES ('1662', 'Joker-slsrexlu', 'slsrexlu', '1', '0', '普通会员', 'userpic.jpg', 'Joker-ssulumfa', '不详', null, null, null, null, null);
INSERT INTO `user` VALUES ('1663', 'Joker-dqfqwmxx', 'dqfqwmxx', '1', '0', '普通会员', 'userpic.jpg', 'Joker-armncfxq', '不详', null, null, null, null, null);
INSERT INTO `user` VALUES ('1664', 'Joker-bpmaiawx', 'bpmaiawx', '1', '0', '普通会员', 'userpic.jpg', 'Joker-xuclizqt', '不详', null, null, null, null, null);
INSERT INTO `user` VALUES ('1665', 'Joker-genihdoe', 'genihdoe', '1', '0', '普通会员', 'userpic.jpg', 'Joker-zykgwgrq', '不详', null, null, null, null, null);
INSERT INTO `user` VALUES ('1666', 'Joker-fntblsrw', 'fntblsrw', '1', '0', '普通会员', 'userpic.jpg', 'Joker-kfdqtcdc', '不详', null, null, null, null, null);
INSERT INTO `user` VALUES ('1667', 'Joker-vvjgsbcn', 'vvjgsbcn', '1', '0', '普通会员', 'userpic.jpg', 'Joker-mtqtlysr', '不详', null, null, null, null, null);
INSERT INTO `user` VALUES ('1668', 'Joker-gyvzptzm', 'gyvzptzm', '1', '0', '普通会员', 'userpic.jpg', 'Joker-prelqspi', '不详', null, null, null, null, null);
INSERT INTO `user` VALUES ('1669', 'Joker-wobzzgzp', 'wobzzgzp', '1', '0', '普通会员', 'userpic.jpg', 'Joker-zsjcbeiy', '不详', null, null, null, null, null);
INSERT INTO `user` VALUES ('1670', 'Joker-icddwdlj', 'icddwdlj', '1', '0', '普通会员', 'userpic.jpg', 'Joker-cmhzekvu', '不详', null, null, null, null, null);
INSERT INTO `user` VALUES ('1671', 'Joker-unhdnkre', 'unhdnkre', '1', '0', '普通会员', 'userpic.jpg', 'Joker-mligvmif', '不详', null, null, null, null, null);
INSERT INTO `user` VALUES ('1672', 'Joker-dviuqedv', 'dviuqedv', '1', '0', '普通会员', 'userpic.jpg', 'Joker-pseqknqo', '不详', null, null, null, null, null);
INSERT INTO `user` VALUES ('1673', 'Joker-ndxoofok', 'ndxoofok', '1', '0', '普通会员', 'userpic.jpg', 'Joker-mywrguwy', '不详', null, null, null, null, null);
INSERT INTO `user` VALUES ('1674', 'Joker-svrccccj', 'svrccccj', '1', '0', '普通会员', 'userpic.jpg', 'Joker-kdhsztag', '不详', null, null, null, null, null);
INSERT INTO `user` VALUES ('1675', 'Joker-wvdmyebn', 'wvdmyebn', '1', '0', '普通会员', 'userpic.jpg', 'Joker-qdedzbas', '不详', null, null, null, null, null);
INSERT INTO `user` VALUES ('1676', 'Joker-jcgssejh', 'jcgssejh', '1', '0', '普通会员', 'userpic.jpg', 'Joker-svjtahlr', '不详', null, null, null, null, null);
INSERT INTO `user` VALUES ('1677', 'Joker-dqbmzxru', 'dqbmzxru', '1', '0', '普通会员', 'userpic.jpg', 'Joker-jbrhjayr', '不详', null, null, null, null, null);
INSERT INTO `user` VALUES ('1678', 'Joker-eeyeovix', 'eeyeovix', '1', '0', '普通会员', 'userpic.jpg', 'Joker-ezlfsusw', '不详', null, null, null, null, null);
INSERT INTO `user` VALUES ('1679', 'Joker-iaxxzhdz', 'iaxxzhdz', '1', '0', '普通会员', 'userpic.jpg', 'Joker-pzsaykeg', '不详', null, null, null, null, null);
INSERT INTO `user` VALUES ('1680', 'Joker-qwsqaaze', 'qwsqaaze', '1', '0', '普通会员', 'userpic.jpg', 'Joker-mcegipyw', '不详', null, null, null, null, null);
INSERT INTO `user` VALUES ('1681', 'Joker-ngyresxp', 'ngyresxp', '1', '0', '普通会员', 'userpic.jpg', 'Joker-pnwdbssh', '不详', null, null, null, null, null);
INSERT INTO `user` VALUES ('1682', 'Joker-zifstunk', 'zifstunk', '1', '0', '普通会员', 'userpic.jpg', 'Joker-gqhyybld', '不详', null, null, null, null, null);
INSERT INTO `user` VALUES ('1683', 'Joker-xqkeydxt', 'xqkeydxt', '1', '0', '普通会员', 'userpic.jpg', 'Joker-zapnblsy', '不详', null, null, null, null, null);
INSERT INTO `user` VALUES ('1684', 'Joker-autpyzks', 'autpyzks', '1', '0', '普通会员', 'userpic.jpg', 'Joker-xtbwxhyf', '不详', null, null, null, null, null);
INSERT INTO `user` VALUES ('1685', 'Joker-haqhnrku', 'haqhnrku', '1', '0', '普通会员', 'userpic.jpg', 'Joker-zkaqujjm', '不详', null, null, null, null, null);
INSERT INTO `user` VALUES ('1686', 'Joker-uwrboznf', 'uwrboznf', '1', '0', '普通会员', 'userpic.jpg', 'Joker-tqihntfj', '不详', null, null, null, null, null);
INSERT INTO `user` VALUES ('1687', 'Joker-yuwstaup', 'yuwstaup', '1', '0', '普通会员', 'userpic.jpg', 'Joker-cvxbphho', '不详', null, null, null, null, null);
INSERT INTO `user` VALUES ('1688', 'Joker-nksbbzye', 'nksbbzye', '1', '0', '普通会员', 'userpic.jpg', 'Joker-jgkermdl', '不详', null, null, null, null, null);
INSERT INTO `user` VALUES ('1689', 'Joker-ghbkwbwf', 'ghbkwbwf', '1', '0', '普通会员', 'userpic.jpg', 'Joker-vgtzjdfe', '不详', null, null, null, null, null);
INSERT INTO `user` VALUES ('1690', 'Joker-yajslgnt', 'yajslgnt', '1', '0', '普通会员', 'userpic.jpg', 'Joker-tqinolks', '不详', null, null, null, null, null);
INSERT INTO `user` VALUES ('1691', 'Joker-hnfcrwus', 'hnfcrwus', '1', '0', '普通会员', 'userpic.jpg', 'Joker-qiabzjex', '不详', null, null, null, null, null);
INSERT INTO `user` VALUES ('1692', 'Joker-uebxfeug', 'uebxfeug', '1', '0', '普通会员', 'userpic.jpg', 'Joker-mmoyujam', '不详', null, null, null, null, null);
INSERT INTO `user` VALUES ('1693', 'Joker-fxixxywp', 'fxixxywp', '1', '0', '普通会员', 'userpic.jpg', 'Joker-bkuraguj', '不详', null, null, null, null, null);
INSERT INTO `user` VALUES ('1694', 'Joker-eldkwtdh', 'eldkwtdh', '1', '0', '普通会员', 'userpic.jpg', 'Joker-wovidils', '不详', null, null, null, null, null);
INSERT INTO `user` VALUES ('1695', 'Joker-xnnlizhn', 'xnnlizhn', '1', '0', '普通会员', 'userpic.jpg', 'Joker-vtbcgezq', '不详', null, null, null, null, null);
INSERT INTO `user` VALUES ('1696', 'Joker-ankcezro', 'ankcezro', '1', '0', '普通会员', 'userpic.jpg', 'Joker-gxotmlqs', '不详', null, null, null, null, null);
INSERT INTO `user` VALUES ('1697', 'Joker-myamkfth', 'myamkfth', '1', '0', '普通会员', 'userpic.jpg', 'Joker-epgcwury', '不详', null, null, null, null, null);
INSERT INTO `user` VALUES ('1698', 'Joker-rsfnpvqs', 'rsfnpvqs', '1', '0', '普通会员', 'userpic.jpg', 'Joker-vecgiriy', '不详', null, null, null, null, null);
INSERT INTO `user` VALUES ('1699', 'Joker-qtazhprs', 'qtazhprs', '1', '0', '普通会员', 'userpic.jpg', 'Joker-meufvoqj', '不详', null, null, null, null, null);
INSERT INTO `user` VALUES ('1700', 'Joker-lidiyceg', 'lidiyceg', '1', '0', '普通会员', 'userpic.jpg', 'Joker-fpatcxez', '不详', null, null, null, null, null);
INSERT INTO `user` VALUES ('1701', 'Joker-kofvgxxx', 'kofvgxxx', '1', '0', '普通会员', 'userpic.jpg', 'Joker-megqqwtw', '不详', null, null, null, null, null);
INSERT INTO `user` VALUES ('1702', 'Joker-rswqdyty', 'rswqdyty', '1', '0', '普通会员', 'userpic.jpg', 'Joker-fkaxbbfa', '不详', null, null, null, null, null);
INSERT INTO `user` VALUES ('1703', 'Joker-mevdsjgh', 'mevdsjgh', '1', '0', '普通会员', 'userpic.jpg', 'Joker-ucddorlg', '不详', null, null, null, null, null);
INSERT INTO `user` VALUES ('1704', 'Joker-jdxbzrse', 'jdxbzrse', '1', '0', '普通会员', 'userpic.jpg', 'Joker-xfklaywv', '不详', null, null, null, null, null);
INSERT INTO `user` VALUES ('1705', 'Joker-ibyxzjah', 'ibyxzjah', '1', '0', '普通会员', 'userpic.jpg', 'Joker-glfhltyz', '不详', null, null, null, null, null);
INSERT INTO `user` VALUES ('1706', 'Joker-fqvwkdqx', 'fqvwkdqx', '1', '0', '普通会员', 'userpic.jpg', 'Joker-wzydovkh', '不详', null, null, null, null, null);
INSERT INTO `user` VALUES ('1707', 'Joker-dpsgacvt', 'dpsgacvt', '1', '0', '普通会员', 'userpic.jpg', 'Joker-ahsqebzk', '不详', null, null, null, null, null);
INSERT INTO `user` VALUES ('1708', 'Joker-ejgtjkfo', 'ejgtjkfo', '1', '0', '普通会员', 'userpic.jpg', 'Joker-qbcnrkrc', '不详', null, null, null, null, null);
INSERT INTO `user` VALUES ('1709', 'Joker-ppxfdsth', 'ppxfdsth', '1', '0', '普通会员', 'userpic.jpg', 'Joker-gjmyvhyi', '不详', null, null, null, null, null);
INSERT INTO `user` VALUES ('1710', 'Joker-bbvvymla', 'bbvvymla', '1', '0', '普通会员', 'userpic.jpg', 'Joker-irbqjudx', '不详', null, null, null, null, null);
INSERT INTO `user` VALUES ('1711', 'Joker-adxjmyha', 'adxjmyha', '1', '0', '普通会员', 'userpic.jpg', 'Joker-rwjbjcde', '不详', null, null, null, null, null);
INSERT INTO `user` VALUES ('1712', 'Joker-ogacoqgz', 'ogacoqgz', '1', '0', '普通会员', 'userpic.jpg', 'Joker-ieexamnx', '不详', null, null, null, null, null);
INSERT INTO `user` VALUES ('1713', 'Joker-byzmxnet', 'byzmxnet', '1', '0', '普通会员', 'userpic.jpg', 'Joker-gyvzryzr', '不详', null, null, null, null, null);
INSERT INTO `user` VALUES ('1714', 'Joker-uzkbglmr', 'uzkbglmr', '1', '0', '普通会员', 'userpic.jpg', 'Joker-nxeftltw', '不详', null, null, null, null, null);
INSERT INTO `user` VALUES ('1715', 'Joker-safexogt', 'safexogt', '1', '0', '普通会员', 'userpic.jpg', 'Joker-ksgxbltc', '不详', null, null, null, null, null);
INSERT INTO `user` VALUES ('1716', 'Joker-fdmbfdme', 'fdmbfdme', '1', '0', '普通会员', 'userpic.jpg', 'Joker-pneweabg', '不详', null, null, null, null, null);
INSERT INTO `user` VALUES ('1717', 'Joker-ocinmdnl', 'ocinmdnl', '1', '0', '普通会员', 'userpic.jpg', 'Joker-opstjnzs', '不详', null, null, null, null, null);
INSERT INTO `user` VALUES ('1718', 'Joker-rordqxbe', 'rordqxbe', '1', '0', '普通会员', 'userpic.jpg', 'Joker-mmsabykf', '不详', null, null, null, null, null);
INSERT INTO `user` VALUES ('1719', 'Joker-xtlpkiwk', 'xtlpkiwk', '1', '0', '普通会员', 'userpic.jpg', 'Joker-rbqkecib', '不详', null, null, null, null, null);
INSERT INTO `user` VALUES ('1720', 'Joker-ijumnxcz', 'ijumnxcz', '1', '0', '普通会员', 'userpic.jpg', 'Joker-tawgzilp', '不详', null, null, null, null, null);
INSERT INTO `user` VALUES ('1721', 'Joker-ffhqqzki', 'ffhqqzki', '1', '0', '普通会员', 'userpic.jpg', 'Joker-jrchmzst', '不详', null, null, null, null, null);
INSERT INTO `user` VALUES ('1722', 'Joker-wwsasfdr', 'wwsasfdr', '1', '0', '普通会员', 'userpic.jpg', 'Joker-qwrgudww', '不详', null, null, null, null, null);
INSERT INTO `user` VALUES ('1723', 'Joker-ozvhbyej', 'ozvhbyej', '1', '0', '普通会员', 'userpic.jpg', 'Joker-bsszotgm', '不详', null, null, null, null, null);
INSERT INTO `user` VALUES ('1724', 'Joker-rdswigxf', 'rdswigxf', '1', '0', '普通会员', 'userpic.jpg', 'Joker-pbdbgibd', '不详', null, null, null, null, null);
INSERT INTO `user` VALUES ('1725', 'Joker-ohztlmra', 'ohztlmra', '1', '0', '普通会员', 'userpic.jpg', 'Joker-mccqorhv', '不详', null, null, null, null, null);
INSERT INTO `user` VALUES ('1726', 'Joker-kuntljav', 'kuntljav', '1', '0', '普通会员', 'userpic.jpg', 'Joker-dduaodgv', '不详', null, null, null, null, null);
INSERT INTO `user` VALUES ('1727', 'Joker-acocdqes', 'acocdqes', '1', '0', '普通会员', 'userpic.jpg', 'Joker-bvcrdqhb', '不详', null, null, null, null, null);
INSERT INTO `user` VALUES ('1728', 'Joker-iawqrsbg', 'iawqrsbg', '1', '0', '普通会员', 'userpic.jpg', 'Joker-qljezlxg', '不详', null, null, null, null, null);
INSERT INTO `user` VALUES ('1729', 'Joker-cjjtxdvs', 'cjjtxdvs', '1', '0', '普通会员', 'userpic.jpg', 'Joker-abriejdj', '不详', null, null, null, null, null);
INSERT INTO `user` VALUES ('1730', 'Joker-hnszlyrk', 'hnszlyrk', '1', '0', '普通会员', 'userpic.jpg', 'Joker-dkpajdqq', '不详', null, null, null, null, null);
INSERT INTO `user` VALUES ('1731', 'Joker-hgjlcbyi', 'hgjlcbyi', '1', '0', '普通会员', 'userpic.jpg', 'Joker-evjrrnyu', '不详', null, null, null, null, null);
INSERT INTO `user` VALUES ('1732', 'Joker-kctnyaaj', 'kctnyaaj', '1', '0', '普通会员', 'userpic.jpg', 'Joker-aelqjjcr', '不详', null, null, null, null, null);
INSERT INTO `user` VALUES ('1733', 'Joker-ficrcvvf', 'ficrcvvf', '1', '0', '普通会员', 'userpic.jpg', 'Joker-wciybnhq', '不详', null, null, null, null, null);
INSERT INTO `user` VALUES ('1734', 'Joker-esxzrksa', 'esxzrksa', '1', '0', '普通会员', 'userpic.jpg', 'Joker-tkmiqzdu', '不详', null, null, null, null, null);
INSERT INTO `user` VALUES ('1735', 'Joker-uxueacwn', 'uxueacwn', '1', '0', '普通会员', 'userpic.jpg', 'Joker-prlsfhut', '不详', null, null, null, null, null);
INSERT INTO `user` VALUES ('1736', 'Joker-xicdurtv', 'xicdurtv', '1', '0', '普通会员', 'userpic.jpg', 'Joker-gnuotfoy', '不详', null, null, null, null, null);
INSERT INTO `user` VALUES ('1737', 'Joker-fbklabje', 'fbklabje', '1', '0', '普通会员', 'userpic.jpg', 'Joker-jzgdwiqd', '不详', null, null, null, null, null);
INSERT INTO `user` VALUES ('1738', 'Joker-yvlvuyjq', 'yvlvuyjq', '1', '0', '普通会员', 'userpic.jpg', 'Joker-zlhawrll', '不详', null, null, null, null, null);
INSERT INTO `user` VALUES ('1739', 'Joker-atfzftpj', 'atfzftpj', '1', '0', '普通会员', 'userpic.jpg', 'Joker-kgiintkv', '不详', null, null, null, null, null);
INSERT INTO `user` VALUES ('1740', 'Joker-ejipfthe', 'ejipfthe', '1', '0', '普通会员', 'userpic.jpg', 'Joker-onspxusz', '不详', null, null, null, null, null);
INSERT INTO `user` VALUES ('1741', 'Joker-xwhgurib', 'xwhgurib', '1', '0', '普通会员', 'userpic.jpg', 'Joker-lvquxjew', '不详', null, null, null, null, null);
INSERT INTO `user` VALUES ('1742', 'Joker-mlvgudiy', 'mlvgudiy', '1', '0', '普通会员', 'userpic.jpg', 'Joker-vbgkndzz', '不详', null, null, null, null, null);
INSERT INTO `user` VALUES ('1743', 'Joker-jvrwfhxg', 'jvrwfhxg', '1', '0', '普通会员', 'userpic.jpg', 'Joker-jhxrmevj', '不详', null, null, null, null, null);
INSERT INTO `user` VALUES ('1744', 'Joker-jlvzijxw', 'jlvzijxw', '1', '0', '普通会员', 'userpic.jpg', 'Joker-hmbznzzd', '不详', null, null, null, null, null);
INSERT INTO `user` VALUES ('1745', 'Joker-xvxrqxcd', 'xvxrqxcd', '1', '0', '普通会员', 'userpic.jpg', 'Joker-dollfunl', '不详', null, null, null, null, null);
INSERT INTO `user` VALUES ('1746', 'Joker-kwivrnqz', 'kwivrnqz', '1', '0', '普通会员', 'userpic.jpg', 'Joker-yuwrfofi', '不详', null, null, null, null, null);
INSERT INTO `user` VALUES ('1747', 'Joker-nchatgtn', 'nchatgtn', '1', '0', '普通会员', 'userpic.jpg', 'Joker-cmeeqjvw', '不详', null, null, null, null, null);
INSERT INTO `user` VALUES ('1748', 'Joker-hzxsfqpj', 'hzxsfqpj', '1', '0', '普通会员', 'userpic.jpg', 'Joker-gpqrolfs', '不详', null, null, null, null, null);
INSERT INTO `user` VALUES ('1749', 'Joker-qsdqbzxn', 'qsdqbzxn', '1', '0', '普通会员', 'userpic.jpg', 'Joker-mrltjlkd', '不详', null, null, null, null, null);
INSERT INTO `user` VALUES ('1750', 'Joker-jhtncevn', 'jhtncevn', '1', '0', '普通会员', 'userpic.jpg', 'Joker-kunzluvb', '不详', null, null, null, null, null);
INSERT INTO `user` VALUES ('1751', 'Joker-mzljitsk', 'mzljitsk', '1', '0', '普通会员', 'userpic.jpg', 'Joker-ytmbvmon', '不详', null, null, null, null, null);
INSERT INTO `user` VALUES ('1752', 'Joker-tjhesgtx', 'tjhesgtx', '1', '0', '普通会员', 'userpic.jpg', 'Joker-totdpmrn', '不详', null, null, null, null, null);
INSERT INTO `user` VALUES ('1753', 'Joker-nlakuzrg', 'nlakuzrg', '1', '0', '普通会员', 'userpic.jpg', 'Joker-rwojggfc', '不详', null, null, null, null, null);
INSERT INTO `user` VALUES ('1754', 'Joker-pqlfcjil', 'pqlfcjil', '1', '0', '普通会员', 'userpic.jpg', 'Joker-zafcdarq', '不详', null, null, null, null, null);
INSERT INTO `user` VALUES ('1755', 'Joker-ilzngaxn', 'ilzngaxn', '1', '0', '普通会员', 'userpic.jpg', 'Joker-pigmfdkd', '不详', null, null, null, null, null);
INSERT INTO `user` VALUES ('1756', 'Joker-tdmoshid', 'tdmoshid', '1', '0', '普通会员', 'userpic.jpg', 'Joker-cytvusij', '不详', null, null, null, null, null);
INSERT INTO `user` VALUES ('1757', 'Joker-dmakjoie', 'dmakjoie', '1', '0', '普通会员', 'userpic.jpg', 'Joker-deixfisp', '不详', null, null, null, null, null);
INSERT INTO `user` VALUES ('1758', 'Joker-mxagygdy', 'mxagygdy', '1', '0', '普通会员', 'userpic.jpg', 'Joker-hibttvzl', '不详', null, null, null, null, null);
INSERT INTO `user` VALUES ('1759', 'Joker-zgulfjiy', 'zgulfjiy', '1', '0', '普通会员', 'userpic.jpg', 'Joker-csprurva', '不详', null, null, null, null, null);
INSERT INTO `user` VALUES ('1760', 'Joker-gazlugai', 'gazlugai', '1', '0', '普通会员', 'userpic.jpg', 'Joker-jlitjcol', '不详', null, null, null, null, null);
INSERT INTO `user` VALUES ('1761', 'Joker-ukjdycaf', 'ukjdycaf', '1', '0', '普通会员', 'userpic.jpg', 'Joker-bceyktef', '不详', null, null, null, null, null);
INSERT INTO `user` VALUES ('1762', 'Joker-eqnzoeyk', 'eqnzoeyk', '1', '0', '普通会员', 'userpic.jpg', 'Joker-vkrbcexz', '不详', null, null, null, null, null);
INSERT INTO `user` VALUES ('1763', 'Joker-myjbrlrm', 'myjbrlrm', '1', '0', '普通会员', 'userpic.jpg', 'Joker-tnxwghcc', '不详', null, null, null, null, null);
INSERT INTO `user` VALUES ('1764', 'Joker-wikvxpjz', 'wikvxpjz', '1', '0', '普通会员', 'userpic.jpg', 'Joker-sibdyjka', '不详', null, null, null, null, null);
INSERT INTO `user` VALUES ('1765', 'Joker-cpijbaaw', 'cpijbaaw', '1', '0', '普通会员', 'userpic.jpg', 'Joker-hkidqinq', '不详', null, null, null, null, null);
INSERT INTO `user` VALUES ('1766', 'Joker-xanrfpij', 'xanrfpij', '1', '0', '普通会员', 'userpic.jpg', 'Joker-spevageh', '不详', null, null, null, null, null);
INSERT INTO `user` VALUES ('1767', 'Joker-upejhpnm', 'upejhpnm', '1', '0', '普通会员', 'userpic.jpg', 'Joker-bwdnlxwd', '不详', null, null, null, null, null);
INSERT INTO `user` VALUES ('1768', 'Joker-kdbasmzj', 'kdbasmzj', '1', '0', '普通会员', 'userpic.jpg', 'Joker-eejtslsl', '不详', null, null, null, null, null);
INSERT INTO `user` VALUES ('1769', 'Joker-domubfpc', 'domubfpc', '1', '0', '普通会员', 'userpic.jpg', 'Joker-vqloffwj', '不详', null, null, null, null, null);
INSERT INTO `user` VALUES ('1770', 'Joker-fkporlet', 'fkporlet', '1', '0', '普通会员', 'userpic.jpg', 'Joker-ssnwhxtx', '不详', null, null, null, null, null);
INSERT INTO `user` VALUES ('1771', 'Joker-nxafwwnq', 'nxafwwnq', '1', '0', '普通会员', 'userpic.jpg', 'Joker-obqbssyi', '不详', null, null, null, null, null);
INSERT INTO `user` VALUES ('1772', 'Joker-wdhyiaos', 'wdhyiaos', '1', '0', '普通会员', 'userpic.jpg', 'Joker-eyxhvvhg', '不详', null, null, null, null, null);
INSERT INTO `user` VALUES ('1773', 'Joker-dietqkvb', 'dietqkvb', '1', '0', '普通会员', 'userpic.jpg', 'Joker-rlhteirl', '不详', null, null, null, null, null);
INSERT INTO `user` VALUES ('1774', 'Joker-qmbaqswn', 'qmbaqswn', '1', '0', '普通会员', 'userpic.jpg', 'Joker-pglfgqpa', '不详', null, null, null, null, null);
INSERT INTO `user` VALUES ('1775', 'Joker-todhnkxg', 'todhnkxg', '1', '0', '普通会员', 'userpic.jpg', 'Joker-haqnmsmg', '不详', null, null, null, null, null);
INSERT INTO `user` VALUES ('1776', 'Joker-xufvzcqg', 'xufvzcqg', '1', '0', '普通会员', 'userpic.jpg', 'Joker-axbrfcoz', '不详', null, null, null, null, null);
INSERT INTO `user` VALUES ('1777', 'Joker-pmglpofp', 'pmglpofp', '1', '0', '普通会员', 'userpic.jpg', 'Joker-wormfmlo', '不详', null, null, null, null, null);
INSERT INTO `user` VALUES ('1778', 'Joker-akkqvkef', 'akkqvkef', '1', '0', '普通会员', 'userpic.jpg', 'Joker-ogjcocmg', '不详', null, null, null, null, null);
INSERT INTO `user` VALUES ('1779', 'Joker-yidfmhto', 'yidfmhto', '1', '0', '普通会员', 'userpic.jpg', 'Joker-scrghova', '不详', null, null, null, null, null);
INSERT INTO `user` VALUES ('1780', 'Joker-snvosmfo', 'snvosmfo', '1', '0', '普通会员', 'userpic.jpg', 'Joker-ujopdzvg', '不详', null, null, null, null, null);
INSERT INTO `user` VALUES ('1781', 'Joker-hpcgwsnw', 'hpcgwsnw', '1', '0', '普通会员', 'userpic.jpg', 'Joker-ikyygszp', '不详', null, null, null, null, null);
INSERT INTO `user` VALUES ('1782', 'Joker-uskpxlrb', 'uskpxlrb', '1', '0', '普通会员', 'userpic.jpg', 'Joker-akrmhkzx', '不详', null, null, null, null, null);
INSERT INTO `user` VALUES ('1783', 'Joker-tocripby', 'tocripby', '1', '0', '普通会员', 'userpic.jpg', 'Joker-cpszsdzv', '不详', null, null, null, null, null);
INSERT INTO `user` VALUES ('1784', 'Joker-owitknyy', 'owitknyy', '1', '0', '普通会员', 'userpic.jpg', 'Joker-ifqktyio', '不详', null, null, null, null, null);
INSERT INTO `user` VALUES ('1785', 'Joker-nlvkswro', 'nlvkswro', '1', '0', '普通会员', 'userpic.jpg', 'Joker-pwkmoojy', '不详', null, null, null, null, null);
INSERT INTO `user` VALUES ('1786', 'Joker-krdcutbj', 'krdcutbj', '1', '0', '普通会员', 'userpic.jpg', 'Joker-vkssfevv', '不详', null, null, null, null, null);
INSERT INTO `user` VALUES ('1787', 'Joker-puzupbam', 'puzupbam', '1', '0', '普通会员', 'userpic.jpg', 'Joker-iefyffwx', '不详', null, null, null, null, null);
INSERT INTO `user` VALUES ('1788', 'Joker-lsfnulnb', 'lsfnulnb', '1', '0', '普通会员', 'userpic.jpg', 'Joker-agpxufpc', '不详', null, null, null, null, null);
INSERT INTO `user` VALUES ('1789', 'Joker-qerqcldh', 'qerqcldh', '1', '0', '普通会员', 'userpic.jpg', 'Joker-qerjseon', '不详', null, null, null, null, null);
INSERT INTO `user` VALUES ('1790', 'Joker-ehlnheqx', 'ehlnheqx', '1', '0', '普通会员', 'userpic.jpg', 'Joker-zymzgaiq', '不详', null, null, null, null, null);
INSERT INTO `user` VALUES ('1791', 'Joker-oumgdmgj', 'oumgdmgj', '1', '0', '普通会员', 'userpic.jpg', 'Joker-outjqwwh', '不详', null, null, null, null, null);
INSERT INTO `user` VALUES ('1792', 'Joker-dmojpefg', 'dmojpefg', '1', '0', '普通会员', 'userpic.jpg', 'Joker-zidluodp', '不详', null, null, null, null, null);
INSERT INTO `user` VALUES ('1793', 'Joker-qyxowjoz', 'qyxowjoz', '1', '0', '普通会员', 'userpic.jpg', 'Joker-oexqumsw', '不详', null, null, null, null, null);
INSERT INTO `user` VALUES ('1794', 'Joker-kuspcdxg', 'kuspcdxg', '1', '0', '普通会员', 'userpic.jpg', 'Joker-lkbzlhiq', '不详', null, null, null, null, null);
INSERT INTO `user` VALUES ('1795', 'Joker-xpxsdeks', 'xpxsdeks', '1', '0', '普通会员', 'userpic.jpg', 'Joker-jokquhjb', '不详', null, null, null, null, null);
INSERT INTO `user` VALUES ('1796', 'Joker-yqetcnpa', 'yqetcnpa', '1', '0', '普通会员', 'userpic.jpg', 'Joker-swpadyfc', '不详', null, null, null, null, null);
INSERT INTO `user` VALUES ('1797', 'Joker-rwzbwqmh', 'rwzbwqmh', '1', '0', '普通会员', 'userpic.jpg', 'Joker-remxlxlt', '不详', null, null, null, null, null);
INSERT INTO `user` VALUES ('1798', 'Joker-pbyhuotl', 'pbyhuotl', '1', '0', '普通会员', 'userpic.jpg', 'Joker-kdcrqfsv', '不详', null, null, null, null, null);
INSERT INTO `user` VALUES ('1799', 'Joker-gohangpc', 'gohangpc', '1', '0', '普通会员', 'userpic.jpg', 'Joker-lqgzlyfx', '不详', null, null, null, null, null);
INSERT INTO `user` VALUES ('1800', 'Joker-ioqylymy', 'ioqylymy', '1', '0', '普通会员', 'userpic.jpg', 'Joker-zkyeevjh', '不详', null, null, null, null, null);
INSERT INTO `user` VALUES ('1801', 'Joker-ffvmwrau', 'ffvmwrau', '1', '0', '普通会员', 'userpic.jpg', 'Joker-smoniupa', '不详', null, null, null, null, null);
INSERT INTO `user` VALUES ('1802', 'Joker-uweaxbbl', 'uweaxbbl', '1', '0', '普通会员', 'userpic.jpg', 'Joker-gpbjaezk', '不详', null, null, null, null, null);
INSERT INTO `user` VALUES ('1803', 'Joker-hfiqcbmc', 'hfiqcbmc', '1', '0', '普通会员', 'userpic.jpg', 'Joker-horniqfk', '不详', null, null, null, null, null);
INSERT INTO `user` VALUES ('1804', 'Joker-cjytvjtt', 'cjytvjtt', '1', '0', '普通会员', 'userpic.jpg', 'Joker-ndffawdr', '不详', null, null, null, null, null);
INSERT INTO `user` VALUES ('1805', 'Joker-osqhhgxt', 'osqhhgxt', '1', '0', '普通会员', 'userpic.jpg', 'Joker-rrzcwrot', '不详', null, null, null, null, null);
INSERT INTO `user` VALUES ('1806', 'Joker-uzudzzdm', 'uzudzzdm', '1', '0', '普通会员', 'userpic.jpg', 'Joker-czefagkc', '不详', null, null, null, null, null);
INSERT INTO `user` VALUES ('1807', 'Joker-depcawvz', 'depcawvz', '1', '0', '普通会员', 'userpic.jpg', 'Joker-jjjxngtw', '不详', null, null, null, null, null);
INSERT INTO `user` VALUES ('1808', 'Joker-cjzqfesa', 'cjzqfesa', '1', '0', '普通会员', 'userpic.jpg', 'Joker-oethziwm', '不详', null, null, null, null, null);
INSERT INTO `user` VALUES ('1809', 'Joker-ofqxjvdd', 'ofqxjvdd', '1', '0', '普通会员', 'userpic.jpg', 'Joker-aamkuzvb', '不详', null, null, null, null, null);
INSERT INTO `user` VALUES ('1810', 'Joker-jhqoqupk', 'jhqoqupk', '1', '0', '普通会员', 'userpic.jpg', 'Joker-bngcolxm', '不详', null, null, null, null, null);
INSERT INTO `user` VALUES ('1811', 'Joker-njdypkqk', 'njdypkqk', '1', '0', '普通会员', 'userpic.jpg', 'Joker-nnhxszwu', '不详', null, null, null, null, null);
INSERT INTO `user` VALUES ('1812', 'Joker-vybsngxf', 'vybsngxf', '1', '0', '普通会员', 'userpic.jpg', 'Joker-bxzoyhvt', '不详', null, null, null, null, null);
INSERT INTO `user` VALUES ('1813', 'Joker-jkgyixgk', 'jkgyixgk', '1', '0', '普通会员', 'userpic.jpg', 'Joker-lehmdpaa', '不详', null, null, null, null, null);
INSERT INTO `user` VALUES ('1814', 'Joker-absdoxui', 'absdoxui', '1', '0', '普通会员', 'userpic.jpg', 'Joker-fbwfhzxp', '不详', null, null, null, null, null);
INSERT INTO `user` VALUES ('1815', 'Joker-lnfdhzra', 'lnfdhzra', '1', '0', '普通会员', 'userpic.jpg', 'Joker-nnzzvibj', '不详', null, null, null, null, null);
INSERT INTO `user` VALUES ('1816', 'Joker-wjwqrnzr', 'wjwqrnzr', '1', '0', '普通会员', 'userpic.jpg', 'Joker-vdfeonel', '不详', null, null, null, null, null);
INSERT INTO `user` VALUES ('1817', 'Joker-rpoqflih', 'rpoqflih', '1', '0', '普通会员', 'userpic.jpg', 'Joker-emtipxdl', '不详', null, null, null, null, null);
INSERT INTO `user` VALUES ('1818', 'Joker-pjvdatls', 'pjvdatls', '1', '0', '普通会员', 'userpic.jpg', 'Joker-ltgtdpyz', '不详', null, null, null, null, null);
INSERT INTO `user` VALUES ('1819', 'Joker-vyxeopcu', 'vyxeopcu', '1', '0', '普通会员', 'userpic.jpg', 'Joker-xduqubff', '不详', null, null, null, null, null);
INSERT INTO `user` VALUES ('1820', 'Joker-wtgdbgqj', 'wtgdbgqj', '1', '0', '普通会员', 'userpic.jpg', 'Joker-wntvsdwg', '不详', null, null, null, null, null);
INSERT INTO `user` VALUES ('1821', 'Joker-nlcdbssl', 'nlcdbssl', '1', '0', '普通会员', 'userpic.jpg', 'Joker-dcemvouo', '不详', null, null, null, null, null);
INSERT INTO `user` VALUES ('1822', 'Joker-arzfszjl', 'arzfszjl', '1', '0', '普通会员', 'userpic.jpg', 'Joker-zxkyomyw', '不详', null, null, null, null, null);
INSERT INTO `user` VALUES ('1823', 'Joker-kekcxrvr', 'kekcxrvr', '1', '0', '普通会员', 'userpic.jpg', 'Joker-ceieyxqw', '不详', null, null, null, null, null);
INSERT INTO `user` VALUES ('1824', 'Joker-nepbpewh', 'nepbpewh', '1', '0', '普通会员', 'userpic.jpg', 'Joker-mreicssq', '不详', null, null, null, null, null);
INSERT INTO `user` VALUES ('1825', 'Joker-tviqroge', 'tviqroge', '1', '0', '普通会员', 'userpic.jpg', 'Joker-ugugwdwt', '不详', null, null, null, null, null);
INSERT INTO `user` VALUES ('1826', 'Joker-eigiiakb', 'eigiiakb', '1', '0', '普通会员', 'userpic.jpg', 'Joker-hvofwplx', '不详', null, null, null, null, null);
INSERT INTO `user` VALUES ('1827', 'Joker-txaptibz', 'txaptibz', '1', '0', '普通会员', 'userpic.jpg', 'Joker-hxyudlyj', '不详', null, null, null, null, null);
INSERT INTO `user` VALUES ('1828', 'Joker-tvfwczgj', 'tvfwczgj', '1', '0', '普通会员', 'userpic.jpg', 'Joker-qgjiklmm', '不详', null, null, null, null, null);
INSERT INTO `user` VALUES ('1829', 'Joker-loihuixu', 'loihuixu', '1', '0', '普通会员', 'userpic.jpg', 'Joker-gqtrfzqf', '不详', null, null, null, null, null);
INSERT INTO `user` VALUES ('1830', 'Joker-iuotumlx', 'iuotumlx', '1', '0', '普通会员', 'userpic.jpg', 'Joker-usegnrxu', '不详', null, null, null, null, null);
INSERT INTO `user` VALUES ('1831', 'Joker-einotivq', 'einotivq', '1', '0', '普通会员', 'userpic.jpg', 'Joker-lilmcucv', '不详', null, null, null, null, null);
INSERT INTO `user` VALUES ('1832', 'Joker-nwqagaro', 'nwqagaro', '1', '0', '普通会员', 'userpic.jpg', 'Joker-yxunylmn', '不详', null, null, null, null, null);
INSERT INTO `user` VALUES ('1833', 'Joker-ymixohbf', 'ymixohbf', '1', '0', '普通会员', 'userpic.jpg', 'Joker-dadlbvkp', '不详', null, null, null, null, null);
INSERT INTO `user` VALUES ('1834', 'Joker-bfpkxfcr', 'bfpkxfcr', '1', '0', '普通会员', 'userpic.jpg', 'Joker-njaovwby', '不详', null, null, null, null, null);
INSERT INTO `user` VALUES ('1835', 'Joker-oruozxrz', 'oruozxrz', '1', '0', '普通会员', 'userpic.jpg', 'Joker-xnlylxjm', '不详', null, null, null, null, null);
INSERT INTO `user` VALUES ('1836', 'Joker-furlzepc', 'furlzepc', '1', '0', '普通会员', 'userpic.jpg', 'Joker-kgxkxjwa', '不详', null, null, null, null, null);
INSERT INTO `user` VALUES ('1837', 'Joker-lmzttizc', 'lmzttizc', '1', '0', '普通会员', 'userpic.jpg', 'Joker-mwdnkuij', '不详', null, null, null, null, null);
INSERT INTO `user` VALUES ('1838', 'Joker-kwgxvltm', 'kwgxvltm', '1', '0', '普通会员', 'userpic.jpg', 'Joker-dgjpgutq', '不详', null, null, null, null, null);
INSERT INTO `user` VALUES ('1839', 'Joker-djeeadak', 'djeeadak', '1', '0', '普通会员', 'userpic.jpg', 'Joker-cnqwxxjy', '不详', null, null, null, null, null);
INSERT INTO `user` VALUES ('1840', 'Joker-fxcijlje', 'fxcijlje', '1', '0', '普通会员', 'userpic.jpg', 'Joker-wkflxwjf', '不详', null, null, null, null, null);
INSERT INTO `user` VALUES ('1841', 'Joker-biwqthqj', 'biwqthqj', '1', '0', '普通会员', 'userpic.jpg', 'Joker-vvjrtedu', '不详', null, null, null, null, null);
INSERT INTO `user` VALUES ('1842', 'Joker-tcnnucav', 'tcnnucav', '1', '0', '普通会员', 'userpic.jpg', 'Joker-hmpjqyif', '不详', null, null, null, null, null);
INSERT INTO `user` VALUES ('1843', 'Joker-gwcqjqyr', 'gwcqjqyr', '1', '0', '普通会员', 'userpic.jpg', 'Joker-yrwjgzoq', '不详', null, null, null, null, null);
INSERT INTO `user` VALUES ('1844', 'Joker-bzgdkoyl', 'bzgdkoyl', '1', '0', '普通会员', 'userpic.jpg', 'Joker-jfgovboq', '不详', null, null, null, null, null);
INSERT INTO `user` VALUES ('1845', 'Joker-vvgukisr', 'vvgukisr', '1', '0', '普通会员', 'userpic.jpg', 'Joker-zbnmeajf', '不详', null, null, null, null, null);
INSERT INTO `user` VALUES ('1846', 'Joker-pqkpaoti', 'pqkpaoti', '1', '0', '普通会员', 'userpic.jpg', 'Joker-chtqirfx', '不详', null, null, null, null, null);
INSERT INTO `user` VALUES ('1847', 'Joker-xswulbsg', 'xswulbsg', '1', '0', '普通会员', 'userpic.jpg', 'Joker-ydxkagex', '不详', null, null, null, null, null);
INSERT INTO `user` VALUES ('1848', 'Joker-lgfxtkuj', 'lgfxtkuj', '1', '0', '普通会员', 'userpic.jpg', 'Joker-jvrphjum', '不详', null, null, null, null, null);
INSERT INTO `user` VALUES ('1849', 'Joker-qwaudgnp', 'qwaudgnp', '1', '0', '普通会员', 'userpic.jpg', 'Joker-rbjdcixp', '不详', null, null, null, null, null);
INSERT INTO `user` VALUES ('1850', 'Joker-xifjyred', 'xifjyred', '1', '0', '普通会员', 'userpic.jpg', 'Joker-htrfowhi', '不详', null, null, null, null, null);
INSERT INTO `user` VALUES ('1851', 'Joker-rxyggewi', 'rxyggewi', '1', '0', '普通会员', 'userpic.jpg', 'Joker-ewwntlge', '不详', null, null, null, null, null);
INSERT INTO `user` VALUES ('1852', 'Joker-cqgjskxt', 'cqgjskxt', '1', '0', '普通会员', 'userpic.jpg', 'Joker-xvxezoax', '不详', null, null, null, null, null);
INSERT INTO `user` VALUES ('1853', 'Joker-ljcndczv', 'ljcndczv', '1', '0', '普通会员', 'userpic.jpg', 'Joker-pakzbluv', '不详', null, null, null, null, null);
INSERT INTO `user` VALUES ('1854', 'Joker-kbmjjswb', 'kbmjjswb', '1', '0', '普通会员', 'userpic.jpg', 'Joker-kmauipec', '不详', null, null, null, null, null);
INSERT INTO `user` VALUES ('1855', 'Joker-hosggqhe', 'hosggqhe', '1', '0', '普通会员', 'userpic.jpg', 'Joker-yhgtntik', '不详', null, null, null, null, null);
INSERT INTO `user` VALUES ('1856', 'Joker-dqcusvub', 'dqcusvub', '1', '0', '普通会员', 'userpic.jpg', 'Joker-aeafuicl', '不详', null, null, null, null, null);
INSERT INTO `user` VALUES ('1857', 'Joker-mfvxzwys', 'mfvxzwys', '1', '0', '普通会员', 'userpic.jpg', 'Joker-giduktdg', '不详', null, null, null, null, null);
INSERT INTO `user` VALUES ('1858', 'Joker-svffnxxl', 'svffnxxl', '1', '0', '普通会员', 'userpic.jpg', 'Joker-wbwwvccd', '不详', null, null, null, null, null);
INSERT INTO `user` VALUES ('1859', 'Joker-kjvjupxr', 'kjvjupxr', '1', '0', '普通会员', 'userpic.jpg', 'Joker-cwhjfzyl', '不详', null, null, null, null, null);
INSERT INTO `user` VALUES ('1860', 'Joker-buovzjrv', 'buovzjrv', '1', '0', '普通会员', 'userpic.jpg', 'Joker-pedcpgmb', '不详', null, null, null, null, null);
INSERT INTO `user` VALUES ('1861', 'Joker-kyapusxq', 'kyapusxq', '1', '0', '普通会员', 'userpic.jpg', 'Joker-djvkmqkx', '不详', null, null, null, null, null);
INSERT INTO `user` VALUES ('1862', 'Joker-vjgwnfgn', 'vjgwnfgn', '1', '0', '普通会员', 'userpic.jpg', 'Joker-leroomnr', '不详', null, null, null, null, null);
INSERT INTO `user` VALUES ('1863', 'Joker-vtleuirt', 'vtleuirt', '1', '0', '普通会员', 'userpic.jpg', 'Joker-wndtimau', '不详', null, null, null, null, null);
INSERT INTO `user` VALUES ('1864', 'Joker-crylvzhg', 'crylvzhg', '1', '0', '普通会员', 'userpic.jpg', 'Joker-vzobianx', '不详', null, null, null, null, null);
INSERT INTO `user` VALUES ('1865', 'Joker-lpeytiqj', 'lpeytiqj', '1', '0', '普通会员', 'userpic.jpg', 'Joker-auhlnsch', '不详', null, null, null, null, null);
INSERT INTO `user` VALUES ('1866', 'Joker-inqnpmpf', 'inqnpmpf', '1', '0', '普通会员', 'userpic.jpg', 'Joker-wsxossbj', '不详', null, null, null, null, null);
INSERT INTO `user` VALUES ('1867', 'Joker-lajomjbm', 'lajomjbm', '1', '0', '普通会员', 'userpic.jpg', 'Joker-ufndqfeb', '不详', null, null, null, null, null);
INSERT INTO `user` VALUES ('1868', 'Joker-hitpuaaz', 'hitpuaaz', '1', '0', '普通会员', 'userpic.jpg', 'Joker-kweznikb', '不详', null, null, null, null, null);
INSERT INTO `user` VALUES ('1869', 'Joker-kzjlwwti', 'kzjlwwti', '1', '0', '普通会员', 'userpic.jpg', 'Joker-fbadhltl', '不详', null, null, null, null, null);
INSERT INTO `user` VALUES ('1870', 'Joker-tjlifoij', 'tjlifoij', '1', '0', '普通会员', 'userpic.jpg', 'Joker-txpnwjqs', '不详', null, null, null, null, null);
INSERT INTO `user` VALUES ('1871', 'Joker-myfepkep', 'myfepkep', '1', '0', '普通会员', 'userpic.jpg', 'Joker-jekevouv', '不详', null, null, null, null, null);
INSERT INTO `user` VALUES ('1872', 'Joker-ytngxuym', 'ytngxuym', '1', '0', '普通会员', 'userpic.jpg', 'Joker-sibzfzfg', '不详', null, null, null, null, null);
INSERT INTO `user` VALUES ('1873', 'Joker-khhbqlrl', 'khhbqlrl', '1', '0', '普通会员', 'userpic.jpg', 'Joker-inqbxiwt', '不详', null, null, null, null, null);
INSERT INTO `user` VALUES ('1874', 'Joker-eiogymdc', 'eiogymdc', '1', '0', '普通会员', 'userpic.jpg', 'Joker-pkfisoaw', '不详', null, null, null, null, null);
INSERT INTO `user` VALUES ('1875', 'Joker-hnrtjkzk', 'hnrtjkzk', '1', '0', '普通会员', 'userpic.jpg', 'Joker-prgtjfoo', '不详', null, null, null, null, null);
INSERT INTO `user` VALUES ('1876', 'Joker-vruzskjt', 'vruzskjt', '1', '0', '普通会员', 'userpic.jpg', 'Joker-gvdgrxqo', '不详', null, null, null, null, null);
INSERT INTO `user` VALUES ('1877', 'Joker-ynpayydi', 'ynpayydi', '1', '0', '普通会员', 'userpic.jpg', 'Joker-elsrlndi', '不详', null, null, null, null, null);
INSERT INTO `user` VALUES ('1878', 'Joker-omuwrquk', 'omuwrquk', '1', '0', '普通会员', 'userpic.jpg', 'Joker-kkmrbveo', '不详', null, null, null, null, null);
INSERT INTO `user` VALUES ('1879', 'Joker-wcrzfvjd', 'wcrzfvjd', '1', '0', '普通会员', 'userpic.jpg', 'Joker-hlpftgeg', '不详', null, null, null, null, null);
INSERT INTO `user` VALUES ('1880', 'Joker-gnbzmtuk', 'gnbzmtuk', '1', '0', '普通会员', 'userpic.jpg', 'Joker-lmsrgtct', '不详', null, null, null, null, null);
INSERT INTO `user` VALUES ('1881', 'Joker-swyqatzt', 'swyqatzt', '1', '0', '普通会员', 'userpic.jpg', 'Joker-ubjjawuy', '不详', null, null, null, null, null);
INSERT INTO `user` VALUES ('1882', 'Joker-phgiuszk', 'phgiuszk', '1', '0', '普通会员', 'userpic.jpg', 'Joker-soqqwszp', '不详', null, null, null, null, null);
INSERT INTO `user` VALUES ('1883', 'Joker-oaeosxni', 'oaeosxni', '1', '0', '普通会员', 'userpic.jpg', 'Joker-nwfwgrxv', '不详', null, null, null, null, null);
INSERT INTO `user` VALUES ('1884', 'Joker-pimqkwwe', 'pimqkwwe', '1', '0', '普通会员', 'userpic.jpg', 'Joker-ewzkxrad', '不详', null, null, null, null, null);
INSERT INTO `user` VALUES ('1885', 'Joker-rljbsren', 'rljbsren', '1', '0', '普通会员', 'userpic.jpg', 'Joker-fvcibmbb', '不详', null, null, null, null, null);
INSERT INTO `user` VALUES ('1886', 'Joker-bkgjadpr', 'bkgjadpr', '1', '0', '普通会员', 'userpic.jpg', 'Joker-losglsmz', '不详', null, null, null, null, null);
INSERT INTO `user` VALUES ('1887', 'Joker-mbrbckxm', 'mbrbckxm', '1', '0', '普通会员', 'userpic.jpg', 'Joker-srjtnfhk', '不详', null, null, null, null, null);
INSERT INTO `user` VALUES ('1888', 'Joker-rujutnoz', 'rujutnoz', '1', '0', '普通会员', 'userpic.jpg', 'Joker-sgegcwgw', '不详', null, null, null, null, null);
INSERT INTO `user` VALUES ('1889', 'Joker-xthhwbvb', 'xthhwbvb', '1', '0', '普通会员', 'userpic.jpg', 'Joker-pvjqtpge', '不详', null, null, null, null, null);
INSERT INTO `user` VALUES ('1890', 'Joker-kgfqvzse', 'kgfqvzse', '1', '0', '普通会员', 'userpic.jpg', 'Joker-iftzcjrl', '不详', null, null, null, null, null);
INSERT INTO `user` VALUES ('1891', 'Joker-gxjeigpc', 'gxjeigpc', '1', '0', '普通会员', 'userpic.jpg', 'Joker-rzrglego', '不详', null, null, null, null, null);
INSERT INTO `user` VALUES ('1892', 'Joker-dopeyacc', 'dopeyacc', '1', '0', '普通会员', 'userpic.jpg', 'Joker-symkbuwz', '不详', null, null, null, null, null);
INSERT INTO `user` VALUES ('1893', 'Joker-gsqurmll', 'gsqurmll', '1', '0', '普通会员', 'userpic.jpg', 'Joker-rtejxugr', '不详', null, null, null, null, null);
INSERT INTO `user` VALUES ('1894', 'Joker-mcixpumw', 'mcixpumw', '1', '0', '普通会员', 'userpic.jpg', 'Joker-mgmhhqix', '不详', null, null, null, null, null);
INSERT INTO `user` VALUES ('1895', 'Joker-xhipawxe', 'xhipawxe', '1', '0', '普通会员', 'userpic.jpg', 'Joker-clcldmsh', '不详', null, null, null, null, null);
INSERT INTO `user` VALUES ('1896', 'Joker-vrytdcoh', 'vrytdcoh', '1', '0', '普通会员', 'userpic.jpg', 'Joker-ohrzlcwm', '不详', null, null, null, null, null);
INSERT INTO `user` VALUES ('1897', 'Joker-bbvhykee', 'bbvhykee', '1', '0', '普通会员', 'userpic.jpg', 'Joker-jwjothnc', '不详', null, null, null, null, null);
INSERT INTO `user` VALUES ('1898', 'Joker-nirgfkxy', 'nirgfkxy', '1', '0', '普通会员', 'userpic.jpg', 'Joker-iwlhxgwe', '不详', null, null, null, null, null);
INSERT INTO `user` VALUES ('1899', 'Joker-avrxnftb', 'avrxnftb', '1', '0', '普通会员', 'userpic.jpg', 'Joker-wnodasvq', '不详', null, null, null, null, null);
INSERT INTO `user` VALUES ('1900', 'Joker-idiemyrg', 'idiemyrg', '1', '0', '普通会员', 'userpic.jpg', 'Joker-ddklndaf', '不详', null, null, null, null, null);
INSERT INTO `user` VALUES ('1901', 'Joker-dmkpxmeb', 'dmkpxmeb', '1', '0', '普通会员', 'userpic.jpg', 'Joker-xpzfewcu', '不详', null, null, null, null, null);
INSERT INTO `user` VALUES ('1902', 'Joker-vgzemgup', 'vgzemgup', '1', '0', '普通会员', 'userpic.jpg', 'Joker-ggexsciv', '不详', null, null, null, null, null);
INSERT INTO `user` VALUES ('1903', 'Joker-gpmnkcay', 'gpmnkcay', '1', '0', '普通会员', 'userpic.jpg', 'Joker-sfujtvvo', '不详', null, null, null, null, null);
INSERT INTO `user` VALUES ('1904', 'Joker-ojralwcw', 'ojralwcw', '1', '0', '普通会员', 'userpic.jpg', 'Joker-gegjotuw', '不详', null, null, null, null, null);
INSERT INTO `user` VALUES ('1905', 'Joker-yxoyclgq', 'yxoyclgq', '1', '0', '普通会员', 'userpic.jpg', 'Joker-eccxhhbj', '不详', null, null, null, null, null);
INSERT INTO `user` VALUES ('1906', 'Joker-biprzire', 'biprzire', '1', '0', '普通会员', 'userpic.jpg', 'Joker-mngjbhyv', '不详', null, null, null, null, null);
INSERT INTO `user` VALUES ('1907', 'Joker-traqozgx', 'traqozgx', '1', '0', '普通会员', 'userpic.jpg', 'Joker-usicneoh', '不详', null, null, null, null, null);
INSERT INTO `user` VALUES ('1908', 'Joker-bnzsfwir', 'bnzsfwir', '1', '0', '普通会员', 'userpic.jpg', 'Joker-qoirqemt', '不详', null, null, null, null, null);
INSERT INTO `user` VALUES ('1909', 'Joker-ugphqdxi', 'ugphqdxi', '1', '0', '普通会员', 'userpic.jpg', 'Joker-rcedjfku', '不详', null, null, null, null, null);
INSERT INTO `user` VALUES ('1910', 'Joker-cacwwltk', 'cacwwltk', '1', '0', '普通会员', 'userpic.jpg', 'Joker-bsbzhuae', '不详', null, null, null, null, null);
INSERT INTO `user` VALUES ('1911', 'Joker-fgxsypip', 'fgxsypip', '1', '0', '普通会员', 'userpic.jpg', 'Joker-lglwmyvk', '不详', null, null, null, null, null);
INSERT INTO `user` VALUES ('1912', 'Joker-xrnxoihr', 'xrnxoihr', '1', '0', '普通会员', 'userpic.jpg', 'Joker-xkdbwjgj', '不详', null, null, null, null, null);
INSERT INTO `user` VALUES ('1913', 'Joker-zlgbozgj', 'zlgbozgj', '1', '0', '普通会员', 'userpic.jpg', 'Joker-dlzlsbuo', '不详', null, null, null, null, null);
INSERT INTO `user` VALUES ('1914', 'Joker-czsovkyx', 'czsovkyx', '1', '0', '普通会员', 'userpic.jpg', 'Joker-kkucaeyi', '不详', null, null, null, null, null);
INSERT INTO `user` VALUES ('1915', 'Joker-qnvsurmu', 'qnvsurmu', '1', '0', '普通会员', 'userpic.jpg', 'Joker-oeojdzbl', '不详', null, null, null, null, null);
